ProjectDescriptionID,catchRawID,trapVisitID,commonName,releaseID,run,fishOrigin,lifeStage,forkLength,n,visitTime,visitType,siteName,subSiteName,markType,markColor,markPosition,markCode
7,43459,2085,Chinook salmon,323,,Natural,Parr,43.0,1,2026-01-01T10:00:57Z,Continue trapping,Hallwood,Hallwood 1 RR,Elastomer,Yellow,Nose,
7,43460,2085,Chinook salmon,323,,Natural,Fry,36.0,1,2026-01-01T10:00:57Z,Continue trapping,Hallwood,Hallwood 1 RR,Elastomer,Yellow,Nose,
7,43461,2085,Chinook salmon,323,,Natural,Fry,37.0,1,2026-01-01T10:00:57Z,Continue trapping,Hallwood,Hallwood 1 RR,Elastomer,Yellow,Nose,
7,43462,2085,Chinook salmon,323,,Natural,Fry,37.0,1,2026-01-01T10:00:57Z,Continue trapping,Hallwood,Hallwood 1 RR,Elastomer,Yellow,Nose,
7,43463,2085,Chinook salmon,323,,Natural,Fry,35.0,1,2026-01-01T10:00:57Z,Continue trapping,Hallwood,Hallwood 1 RR,Elastomer,Yellow,Nose,
7,43464,2085,Chinook salmon,323,,Natural,Fry,35.0,1,2026-01-01T10:00:57Z,Continue trapping,Hallwood,Hallwood 1 RR,Elastomer,Yellow,Nose,
7,43465,2085,Chinook salmon,323,,Natural,Fry,36.0,1,2026-01-01T10:00:57Z,Continue trapping,Hallwood,Hallwood 1 RR,Elastomer,Yellow,Nose,
7,43466,2085,Chinook salmon,323,,Natural,Fry,36.0,1,2026-01-01T10:00:57Z,Continue trapping,Hallwood,Hallwood 1 RR,Elastomer,Yellow,Nose,
7,43467,2085,Chinook salmon,323,,Natural,Fry,35.0,1,2026-01-01T10:00:57Z,Continue trapping,Hallwood,Hallwood 1 RR,Elastomer,Yellow,Nose,
7,43468,2085,Chinook salmon,323,,Natural,Fry,35.0,1,2026-01-01T10:00:57Z,Continue trapping,Hallwood,Hallwood 1 RR,Elastomer,Yellow,Nose,
7,43469,2085,Chinook salmon,323,,Natural,Fry,34.0,1,2026-01-01T10:00:57Z,Continue trapping,Hallwood,Hallwood 1 RR,Elastomer,Yellow,Nose,
7,43470,2085,Chinook salmon,323,,Natural,Fry,35.0,1,2026-01-01T10:00:57Z,Continue trapping,Hallwood,Hallwood 1 RR,Elastomer,Yellow,Nose,
7,43471,2085,Chinook salmon,323,,Natural,Fry,38.0,1,2026-01-01T10:00:57Z,Continue trapping,Hallwood,Hallwood 1 RR,Elastomer,Yellow,Nose,
7,43472,2085,Chinook salmon,323,,Natural,Fry,36.0,1,2026-01-01T10:00:57Z,Continue trapping,Hallwood,Hallwood 1 RR,Elastomer,Yellow,Nose,
7,43473,2085,Chinook salmon,323,,Natural,Fry,39.0,1,2026-01-01T10:00:57Z,Continue trapping,Hallwood,Hallwood 1 RR,Elastomer,Yellow,Nose,
7,43474,2085,Chinook salmon,323,,Natural,Fry,39.0,1,2026-01-01T10:00:57Z,Continue trapping,Hallwood,Hallwood 1 RR,Elastomer,Yellow,Nose,
7,43511,2086,Chinook salmon,323,,Natural,Fry,30.0,1,2026-01-01T10:00:22Z,Continue trapping,Hallwood,Hallwood 2 RL,Elastomer,Yellow,Nose,
7,43512,2086,Chinook salmon,323,,Natural,Fry,36.0,1,2026-01-01T10:00:22Z,Continue trapping,Hallwood,Hallwood 2 RL,Elastomer,Yellow,Nose,
7,43513,2086,Chinook salmon,323,,Natural,Fry,37.0,1,2026-01-01T10:00:22Z,Continue trapping,Hallwood,Hallwood 2 RL,Elastomer,Yellow,Nose,
7,43514,2086,Chinook salmon,323,,Natural,Fry,34.0,1,2026-01-01T10:00:22Z,Continue trapping,Hallwood,Hallwood 2 RL,Elastomer,Yellow,Nose,
7,43515,2086,Chinook salmon,323,,Natural,Fry,36.0,1,2026-01-01T10:00:22Z,Continue trapping,Hallwood,Hallwood 2 RL,Elastomer,Yellow,Nose,
7,43516,2086,Chinook salmon,323,,Natural,Fry,36.0,1,2026-01-01T10:00:22Z,Continue trapping,Hallwood,Hallwood 2 RL,Elastomer,Yellow,Nose,
7,43517,2086,Chinook salmon,323,,Natural,Fry,36.0,1,2026-01-01T10:00:22Z,Continue trapping,Hallwood,Hallwood 2 RL,Elastomer,Yellow,Nose,
7,43518,2086,Chinook salmon,323,,Natural,Fry,36.0,1,2026-01-01T10:00:22Z,Continue trapping,Hallwood,Hallwood 2 RL,Elastomer,Yellow,Nose,
7,43519,2086,Chinook salmon,323,,Natural,Fry,35.0,1,2026-01-01T10:00:22Z,Continue trapping,Hallwood,Hallwood 2 RL,Elastomer,Yellow,Nose,
7,43520,2086,Chinook salmon,323,,Natural,Fry,36.0,1,2026-01-01T10:00:22Z,Continue trapping,Hallwood,Hallwood 2 RL,Elastomer,Yellow,Nose,
7,43521,2086,Chinook salmon,323,,Natural,Fry,36.0,1,2026-01-01T10:00:22Z,Continue trapping,Hallwood,Hallwood 2 RL,Elastomer,Yellow,Nose,
7,43522,2086,Chinook salmon,323,,Natural,Fry,39.0,1,2026-01-01T10:00:22Z,Continue trapping,Hallwood,Hallwood 2 RL,Elastomer,Yellow,Nose,
7,43523,2086,Chinook salmon,323,,Natural,Fry,37.0,1,2026-01-01T10:00:22Z,Continue trapping,Hallwood,Hallwood 2 RL,Elastomer,Yellow,Nose,
7,43524,2086,Chinook salmon,323,,Natural,Fry,35.0,1,2026-01-01T10:00:22Z,Continue trapping,Hallwood,Hallwood 2 RL,Elastomer,Yellow,Nose,
7,43525,2086,Chinook salmon,323,,Natural,Fry,34.0,1,2026-01-01T10:00:22Z,Continue trapping,Hallwood,Hallwood 2 RL,Elastomer,Yellow,Nose,
7,43526,2086,Chinook salmon,323,,Natural,Fry,36.0,1,2026-01-01T10:00:22Z,Continue trapping,Hallwood,Hallwood 2 RL,Elastomer,Yellow,Nose,
7,43527,2086,Chinook salmon,323,,Natural,Fry,34.0,1,2026-01-01T10:00:22Z,Continue trapping,Hallwood,Hallwood 2 RL,Elastomer,Yellow,Nose,
7,43528,2086,Chinook salmon,323,,Natural,Fry,35.0,1,2026-01-01T10:00:22Z,Continue trapping,Hallwood,Hallwood 2 RL,Elastomer,Yellow,Nose,
7,43529,2086,Chinook salmon,323,,Natural,Fry,36.0,1,2026-01-01T10:00:22Z,Continue trapping,Hallwood,Hallwood 2 RL,Elastomer,Yellow,Nose,
7,43530,2086,Chinook salmon,323,,Natural,Fry,36.0,1,2026-01-01T10:00:22Z,Continue trapping,Hallwood,Hallwood 2 RL,Elastomer,Yellow,Nose,
7,43531,2086,Chinook salmon,323,,Natural,Fry,39.0,1,2026-01-01T10:00:22Z,Continue trapping,Hallwood,Hallwood 2 RL,Elastomer,Yellow,Nose,
7,43563,2087,Chinook salmon,323,,Natural,Fry,36.0,1,2026-01-01T10:00:14Z,Continue trapping,Hallwood,Hallwood 3,Elastomer,Yellow,Nose,
7,43564,2087,Chinook salmon,323,,Natural,Fry,36.0,1,2026-01-01T10:00:14Z,Continue trapping,Hallwood,Hallwood 3,Elastomer,Yellow,Nose,
7,43565,2087,Chinook salmon,323,,Natural,Fry,37.0,1,2026-01-01T10:00:14Z,Continue trapping,Hallwood,Hallwood 3,Elastomer,Yellow,Nose,
7,43566,2087,Chinook salmon,323,,Natural,Fry,35.0,1,2026-01-01T10:00:14Z,Continue trapping,Hallwood,Hallwood 3,Elastomer,Yellow,Nose,
7,43567,2087,Chinook salmon,323,,Natural,Fry,37.0,1,2026-01-01T10:00:14Z,Continue trapping,Hallwood,Hallwood 3,Elastomer,Yellow,Nose,
7,43568,2087,Chinook salmon,323,,Natural,Fry,35.0,1,2026-01-01T10:00:14Z,Continue trapping,Hallwood,Hallwood 3,Elastomer,Yellow,Nose,
7,43569,2087,Chinook salmon,323,,Natural,Fry,35.0,1,2026-01-01T10:00:14Z,Continue trapping,Hallwood,Hallwood 3,Elastomer,Yellow,Nose,
7,43570,2087,Chinook salmon,323,,Natural,Fry,36.0,1,2026-01-01T10:00:14Z,Continue trapping,Hallwood,Hallwood 3,Elastomer,Yellow,Nose,
7,43571,2087,Chinook salmon,323,,Natural,Fry,36.0,1,2026-01-01T10:00:14Z,Continue trapping,Hallwood,Hallwood 3,Elastomer,Yellow,Nose,
7,43572,2087,Chinook salmon,323,,Natural,Fry,35.0,1,2026-01-01T10:00:14Z,Continue trapping,Hallwood,Hallwood 3,Elastomer,Yellow,Nose,
7,43573,2087,Chinook salmon,323,,Natural,Fry,36.0,1,2026-01-01T10:00:14Z,Continue trapping,Hallwood,Hallwood 3,Elastomer,Yellow,Nose,
7,43574,2087,Chinook salmon,323,,Natural,Fry,34.0,1,2026-01-01T10:00:14Z,Continue trapping,Hallwood,Hallwood 3,Elastomer,Yellow,Nose,
7,43575,2087,Chinook salmon,323,,Natural,Fry,37.0,1,2026-01-01T10:00:14Z,Continue trapping,Hallwood,Hallwood 3,Elastomer,Yellow,Nose,
7,44063,2107,Chinook salmon,324,,Natural,Fry,32.0,1,2026-01-10T10:30:47Z,Continue trapping,Hallwood,Hallwood 1 RR,Elastomer,Yellow,Nose,
7,44064,2107,Chinook salmon,324,,Natural,Fry,37.0,1,2026-01-10T10:30:47Z,Continue trapping,Hallwood,Hallwood 1 RR,Elastomer,Yellow,Nose,
7,44065,2107,Chinook salmon,324,,Natural,Fry,35.0,1,2026-01-10T10:30:47Z,Continue trapping,Hallwood,Hallwood 1 RR,Elastomer,Yellow,Nose,
7,44066,2107,Chinook salmon,324,,Natural,Fry,37.0,1,2026-01-10T10:30:47Z,Continue trapping,Hallwood,Hallwood 1 RR,Elastomer,Yellow,Nose,
7,44067,2107,Chinook salmon,324,,Natural,Fry,37.0,1,2026-01-10T10:30:47Z,Continue trapping,Hallwood,Hallwood 1 RR,Elastomer,Yellow,Nose,
7,44068,2107,Chinook salmon,324,,Natural,Fry,35.0,1,2026-01-10T10:30:47Z,Continue trapping,Hallwood,Hallwood 1 RR,Elastomer,Yellow,Nose,
7,44506,2112,Chinook salmon,324,,Natural,Fry,37.0,1,2026-01-10T10:30:18Z,Continue trapping,Hallwood,Hallwood 2 RL,Elastomer,Yellow,Nose,
7,44507,2112,Chinook salmon,324,,Natural,Fry,36.0,1,2026-01-10T10:30:18Z,Continue trapping,Hallwood,Hallwood 2 RL,Elastomer,Yellow,Nose,
7,44508,2112,Chinook salmon,324,,Natural,Fry,37.0,1,2026-01-10T10:30:18Z,Continue trapping,Hallwood,Hallwood 2 RL,Elastomer,Yellow,Nose,
7,44509,2112,Chinook salmon,324,,Natural,Fry,36.0,1,2026-01-10T10:30:18Z,Continue trapping,Hallwood,Hallwood 2 RL,Elastomer,Yellow,Nose,
7,44510,2112,Chinook salmon,324,,Natural,Fry,37.0,1,2026-01-10T10:30:18Z,Continue trapping,Hallwood,Hallwood 2 RL,Elastomer,Yellow,Nose,
7,44511,2112,Chinook salmon,324,,Natural,Fry,37.0,1,2026-01-10T10:30:18Z,Continue trapping,Hallwood,Hallwood 2 RL,Elastomer,Yellow,Nose,
7,44512,2112,Chinook salmon,324,,Natural,Fry,36.0,1,2026-01-10T10:30:18Z,Continue trapping,Hallwood,Hallwood 2 RL,Elastomer,Yellow,Nose,
7,44513,2112,Chinook salmon,324,,Natural,Fry,41.0,1,2026-01-10T10:30:18Z,Continue trapping,Hallwood,Hallwood 2 RL,Elastomer,Yellow,Nose,
7,44514,2112,Chinook salmon,324,,Natural,Fry,36.0,1,2026-01-10T10:30:18Z,Continue trapping,Hallwood,Hallwood 2 RL,Elastomer,Yellow,Nose,
7,44515,2112,Chinook salmon,324,,Natural,Fry,36.0,1,2026-01-10T10:30:18Z,Continue trapping,Hallwood,Hallwood 2 RL,Elastomer,Yellow,Nose,
7,44764,2116,Chinook salmon,324,,Natural,Fry,37.0,1,2026-01-10T10:30:39Z,Continue trapping,Hallwood,Hallwood 3,Elastomer,Yellow,Nose,
7,44765,2116,Chinook salmon,324,,Natural,Fry,36.0,1,2026-01-10T10:30:39Z,Continue trapping,Hallwood,Hallwood 3,Elastomer,Yellow,Nose,
7,44766,2116,Chinook salmon,324,,Natural,Fry,39.0,1,2026-01-10T10:30:39Z,Continue trapping,Hallwood,Hallwood 3,Elastomer,Yellow,Nose,
7,44767,2116,Chinook salmon,324,,Natural,Fry,36.0,1,2026-01-10T10:30:39Z,Continue trapping,Hallwood,Hallwood 3,Elastomer,Yellow,Nose,
7,44768,2116,Chinook salmon,324,,Natural,Fry,38.0,1,2026-01-10T10:30:39Z,Continue trapping,Hallwood,Hallwood 3,Elastomer,Yellow,Nose,
7,44769,2116,Chinook salmon,324,,Natural,Parr,41.0,1,2026-01-10T10:30:39Z,Continue trapping,Hallwood,Hallwood 3,Elastomer,Yellow,Nose,
7,44770,2116,Chinook salmon,324,,Natural,Fry,37.0,1,2026-01-10T10:30:39Z,Continue trapping,Hallwood,Hallwood 3,Elastomer,Yellow,Nose,
7,44771,2116,Chinook salmon,324,,Natural,Fry,34.0,1,2026-01-10T10:30:39Z,Continue trapping,Hallwood,Hallwood 3,Elastomer,Yellow,Nose,
7,44772,2116,Chinook salmon,324,,Natural,Fry,35.0,1,2026-01-10T10:30:39Z,Continue trapping,Hallwood,Hallwood 3,Elastomer,Yellow,Nose,
7,45318,2128,Chinook salmon,325,,Natural,Fry,37.0,1,2026-01-16T10:50:27Z,Continue trapping,Hallwood,Hallwood 1 RR,Elastomer,Yellow,Nose,
7,45319,2128,Chinook salmon,325,,Natural,Fry,38.0,1,2026-01-16T10:50:27Z,Continue trapping,Hallwood,Hallwood 1 RR,Elastomer,Yellow,Nose,
7,45320,2128,Chinook salmon,325,,Natural,Fry,43.0,1,2026-01-16T10:50:27Z,Continue trapping,Hallwood,Hallwood 1 RR,Elastomer,Yellow,Nose,
7,45321,2128,Chinook salmon,325,,Natural,Fry,35.0,1,2026-01-16T10:50:27Z,Continue trapping,Hallwood,Hallwood 1 RR,Elastomer,Yellow,Nose,
7,45322,2128,Chinook salmon,325,,Natural,Fry,37.0,1,2026-01-16T10:50:27Z,Continue trapping,Hallwood,Hallwood 1 RR,Elastomer,Yellow,Nose,
7,45323,2128,Chinook salmon,325,,Natural,Fry,35.0,1,2026-01-16T10:50:27Z,Continue trapping,Hallwood,Hallwood 1 RR,Elastomer,Yellow,Nose,
7,45324,2128,Chinook salmon,325,,Natural,Fry,33.0,1,2026-01-16T10:50:27Z,Continue trapping,Hallwood,Hallwood 1 RR,Elastomer,Yellow,Nose,
7,45325,2128,Chinook salmon,325,,Natural,Fry,37.0,1,2026-01-16T10:50:27Z,Continue trapping,Hallwood,Hallwood 1 RR,Elastomer,Yellow,Nose,
7,45326,2128,Chinook salmon,325,,Natural,Fry,34.0,1,2026-01-16T10:50:27Z,Continue trapping,Hallwood,Hallwood 1 RR,Elastomer,Yellow,Nose,
7,45327,2128,Chinook salmon,325,,Natural,Fry,34.0,1,2026-01-16T10:50:27Z,Continue trapping,Hallwood,Hallwood 1 RR,Elastomer,Yellow,Nose,
7,45328,2128,Chinook salmon,325,,Natural,Fry,35.0,1,2026-01-16T10:50:27Z,Continue trapping,Hallwood,Hallwood 1 RR,Elastomer,Yellow,Nose,
7,45329,2128,Chinook salmon,325,,Natural,Fry,33.0,1,2026-01-16T10:50:27Z,Continue trapping,Hallwood,Hallwood 1 RR,Elastomer,Yellow,Nose,
7,45330,2128,Chinook salmon,325,,Natural,Fry,34.0,1,2026-01-16T10:50:27Z,Continue trapping,Hallwood,Hallwood 1 RR,Elastomer,Yellow,Nose,
7,45331,2128,Chinook salmon,325,,Natural,Fry,38.0,1,2026-01-16T10:50:27Z,Continue trapping,Hallwood,Hallwood 1 RR,Elastomer,Yellow,Nose,
7,45332,2128,Chinook salmon,325,,Natural,Fry,38.0,1,2026-01-16T10:50:27Z,Continue trapping,Hallwood,Hallwood 1 RR,Elastomer,Yellow,Nose,
7,45333,2128,Chinook salmon,325,,Natural,Fry,35.0,1,2026-01-16T10:50:27Z,Continue trapping,Hallwood,Hallwood 1 RR,Elastomer,Yellow,Nose,
7,45334,2128,Chinook salmon,325,,Natural,Fry,38.0,1,2026-01-16T10:50:27Z,Continue trapping,Hallwood,Hallwood 1 RR,Elastomer,Yellow,Nose,
7,45369,2129,Chinook salmon,325,,Natural,Not recorded,33.0,1,2026-01-16T10:50:03Z,Continue trapping,Hallwood,Hallwood 2 RL,Elastomer,Yellow,Nose,
7,45406,2130,Chinook salmon,325,,Natural,Fry,38.0,1,2026-01-16T10:50:16Z,Continue trapping,Hallwood,Hallwood 3,Elastomer,Yellow,Nose,
7,45407,2130,Chinook salmon,325,,Natural,Fry,39.0,1,2026-01-16T10:50:16Z,Continue trapping,Hallwood,Hallwood 3,Elastomer,Yellow,Nose,
7,45408,2130,Chinook salmon,325,,Natural,Fry,36.0,1,2026-01-16T10:50:16Z,Continue trapping,Hallwood,Hallwood 3,Elastomer,Yellow,Nose,
7,45409,2130,Chinook salmon,325,,Natural,Fry,43.0,1,2026-01-16T10:50:16Z,Continue trapping,Hallwood,Hallwood 3,Elastomer,Yellow,Nose,
7,45410,2130,Chinook salmon,325,,Natural,Fry,32.0,1,2026-01-16T10:50:16Z,Continue trapping,Hallwood,Hallwood 3,Elastomer,Yellow,Nose,
7,45411,2130,Chinook salmon,325,,Natural,Fry,37.0,1,2026-01-16T10:50:16Z,Continue trapping,Hallwood,Hallwood 3,Elastomer,Yellow,Nose,
7,45412,2130,Chinook salmon,325,,Natural,Fry,38.0,1,2026-01-16T10:50:16Z,Continue trapping,Hallwood,Hallwood 3,Elastomer,Yellow,Nose,
7,45413,2130,Chinook salmon,325,,Natural,Fry,37.0,1,2026-01-16T10:50:16Z,Continue trapping,Hallwood,Hallwood 3,Elastomer,Yellow,Nose,
7,45414,2130,Chinook salmon,325,,Natural,Fry,38.0,1,2026-01-16T10:50:16Z,Continue trapping,Hallwood,Hallwood 3,Elastomer,Yellow,Nose,
7,45415,2130,Chinook salmon,325,,Natural,Fry,40.0,1,2026-01-16T10:50:16Z,Continue trapping,Hallwood,Hallwood 3,Elastomer,Yellow,Nose,
7,45486,2131,Chinook salmon,325,,Natural,Not recorded,37.0,1,2026-01-17T13:40:05Z,Continue trapping,Hallwood,Hallwood 1 RR,Elastomer,Yellow,Nose,
7,45554,2133,Chinook salmon,325,,Natural,Not recorded,37.0,1,2026-01-17T14:00:20Z,Continue trapping,Hallwood,Hallwood 3,Elastomer,Yellow,Nose,
7,46175,2146,Chinook salmon,326,,Natural,Fry,37.0,1,2026-01-23T10:35:24Z,Continue trapping,Hallwood,Hallwood 1 RR,Elastomer,Yellow,Nose,
7,46176,2146,Chinook salmon,326,,Natural,Fry,35.0,1,2026-01-23T10:35:24Z,Continue trapping,Hallwood,Hallwood 1 RR,Elastomer,Yellow,Nose,
7,46177,2146,Chinook salmon,326,,Natural,Fry,38.0,1,2026-01-23T10:35:24Z,Continue trapping,Hallwood,Hallwood 1 RR,Elastomer,Yellow,Nose,
7,46178,2146,Chinook salmon,326,,Natural,Fry,39.0,1,2026-01-23T10:35:24Z,Continue trapping,Hallwood,Hallwood 1 RR,Elastomer,Yellow,Nose,
7,46179,2146,Chinook salmon,326,,Natural,Fry,38.0,1,2026-01-23T10:35:24Z,Continue trapping,Hallwood,Hallwood 1 RR,Elastomer,Yellow,Nose,
7,46180,2146,Chinook salmon,326,,Natural,Fry,35.0,1,2026-01-23T10:35:24Z,Continue trapping,Hallwood,Hallwood 1 RR,Elastomer,Yellow,Nose,
7,46181,2146,Chinook salmon,326,,Natural,Fry,37.0,1,2026-01-23T10:35:24Z,Continue trapping,Hallwood,Hallwood 1 RR,Elastomer,Yellow,Nose,
7,46182,2146,Chinook salmon,326,,Natural,Fry,37.0,1,2026-01-23T10:35:24Z,Continue trapping,Hallwood,Hallwood 1 RR,Elastomer,Yellow,Nose,
7,46183,2146,Chinook salmon,326,,Natural,Fry,35.0,1,2026-01-23T10:35:24Z,Continue trapping,Hallwood,Hallwood 1 RR,Elastomer,Yellow,Nose,
7,46184,2146,Chinook salmon,326,,Natural,Fry,36.0,1,2026-01-23T10:35:24Z,Continue trapping,Hallwood,Hallwood 1 RR,Elastomer,Yellow,Nose,
7,46185,2146,Chinook salmon,326,,Natural,Fry,37.0,1,2026-01-23T10:35:24Z,Continue trapping,Hallwood,Hallwood 1 RR,Elastomer,Yellow,Nose,
7,46186,2146,Chinook salmon,326,,Natural,Fry,39.0,1,2026-01-23T10:35:24Z,Continue trapping,Hallwood,Hallwood 1 RR,Elastomer,Yellow,Nose,
7,46187,2146,Chinook salmon,326,,Natural,Fry,35.0,1,2026-01-23T10:35:24Z,Continue trapping,Hallwood,Hallwood 1 RR,Elastomer,Yellow,Nose,
7,46240,2147,Chinook salmon,326,,Natural,Fry,37.0,1,2026-01-23T10:40:12Z,Continue trapping,Hallwood,Hallwood 2 RL,Elastomer,Yellow,Nose,
7,46241,2147,Chinook salmon,326,,Natural,Fry,35.0,1,2026-01-23T10:40:12Z,Continue trapping,Hallwood,Hallwood 2 RL,Elastomer,Yellow,Nose,
7,46242,2147,Chinook salmon,326,,Natural,Fry,38.0,1,2026-01-23T10:40:12Z,Continue trapping,Hallwood,Hallwood 2 RL,Elastomer,Yellow,Nose,
7,46243,2147,Chinook salmon,326,,Natural,Fry,35.0,1,2026-01-23T10:40:12Z,Continue trapping,Hallwood,Hallwood 2 RL,Elastomer,Yellow,Nose,
7,46244,2147,Chinook salmon,326,,Natural,Fry,36.0,1,2026-01-23T10:40:12Z,Continue trapping,Hallwood,Hallwood 2 RL,Elastomer,Yellow,Nose,
7,46245,2147,Chinook salmon,326,,Natural,Fry,37.0,1,2026-01-23T10:40:12Z,Continue trapping,Hallwood,Hallwood 2 RL,Elastomer,Yellow,Nose,
7,46246,2147,Chinook salmon,326,,Natural,Fry,37.0,1,2026-01-23T10:40:12Z,Continue trapping,Hallwood,Hallwood 2 RL,Elastomer,Yellow,Nose,
7,46354,2148,Chinook salmon,326,,Natural,Fry,36.0,1,2026-01-23T10:45:29Z,Continue trapping,Hallwood,Hallwood 3,Elastomer,Yellow,Nose,
7,46355,2148,Chinook salmon,326,,Natural,Fry,36.0,1,2026-01-23T10:45:29Z,Continue trapping,Hallwood,Hallwood 3,Elastomer,Yellow,Nose,
7,46356,2148,Chinook salmon,326,,Natural,Fry,36.0,1,2026-01-23T10:45:29Z,Continue trapping,Hallwood,Hallwood 3,Elastomer,Yellow,Nose,
7,46357,2148,Chinook salmon,326,,Natural,Fry,38.0,1,2026-01-23T10:45:29Z,Continue trapping,Hallwood,Hallwood 3,Elastomer,Yellow,Nose,
7,46358,2148,Chinook salmon,326,,Natural,Fry,36.0,1,2026-01-23T10:45:29Z,Continue trapping,Hallwood,Hallwood 3,Elastomer,Yellow,Nose,
7,46359,2148,Chinook salmon,326,,Natural,Fry,37.0,1,2026-01-23T10:45:29Z,Continue trapping,Hallwood,Hallwood 3,Elastomer,Yellow,Nose,
7,46360,2148,Chinook salmon,326,,Natural,Fry,37.0,1,2026-01-23T10:45:29Z,Continue trapping,Hallwood,Hallwood 3,Elastomer,Yellow,Nose,
7,46376,2149,Chinook salmon,326,,Natural,Fry,36.0,1,2026-01-24T10:12:52Z,Continue trapping,Hallwood,Hallwood 1 RR,Elastomer,Yellow,Nose,
7,46377,2149,Chinook salmon,326,,Natural,Fry,35.0,1,2026-01-24T10:12:52Z,Continue trapping,Hallwood,Hallwood 1 RR,Elastomer,Yellow,Nose,
7,46378,2149,Chinook salmon,326,,Natural,Fry,38.0,1,2026-01-24T10:12:52Z,Continue trapping,Hallwood,Hallwood 1 RR,Elastomer,Yellow,Nose,
7,46434,2150,Chinook salmon,326,,Natural,Fry,37.0,1,2026-01-24T10:42:30Z,Continue trapping,Hallwood,Hallwood 2 RL,Elastomer,Yellow,Nose,
7,46435,2150,Chinook salmon,326,,Natural,Fry,37.0,1,2026-01-24T10:42:30Z,Continue trapping,Hallwood,Hallwood 2 RL,Elastomer,Yellow,Nose,
7,46492,2152,Chinook salmon,326,,Natural,Fry,37.0,1,2026-01-24T10:30:48Z,Continue trapping,Hallwood,Hallwood 3,Elastomer,Yellow,Nose,
7,47357,2173,Chinook salmon,326,,Natural,Not recorded,35.0,1,2026-01-29T11:07:24Z,Continue trapping,Hallwood,Hallwood 2 RL,Elastomer,Yellow,Nose,
7,47419,2175,Chinook salmon,327,,Natural,Fry,37.0,1,2026-01-30T11:15:08Z,Continue trapping,Hallwood,Hallwood 1 RR,Elastomer,Yellow,Nose,
7,47420,2175,Chinook salmon,327,,Natural,Fry,35.0,1,2026-01-30T11:15:08Z,Continue trapping,Hallwood,Hallwood 1 RR,Elastomer,Yellow,Nose,
7,47421,2175,Chinook salmon,327,,Natural,Parr,42.0,1,2026-01-30T11:15:08Z,Continue trapping,Hallwood,Hallwood 1 RR,Elastomer,Yellow,Nose,
7,47422,2175,Chinook salmon,327,,Natural,Fry,36.0,1,2026-01-30T11:15:08Z,Continue trapping,Hallwood,Hallwood 1 RR,Elastomer,Yellow,Nose,
7,47423,2175,Chinook salmon,327,,Natural,Fry,33.0,1,2026-01-30T11:15:08Z,Continue trapping,Hallwood,Hallwood 1 RR,Elastomer,Yellow,Nose,
7,47424,2175,Chinook salmon,327,,Natural,Fry,36.0,1,2026-01-30T11:15:08Z,Continue trapping,Hallwood,Hallwood 1 RR,Elastomer,Yellow,Nose,
7,47425,2175,Chinook salmon,327,,Natural,Fry,37.0,1,2026-01-30T11:15:08Z,Continue trapping,Hallwood,Hallwood 1 RR,Elastomer,Yellow,Nose,
7,47426,2175,Chinook salmon,327,,Natural,Fry,38.0,1,2026-01-30T11:15:08Z,Continue trapping,Hallwood,Hallwood 1 RR,Elastomer,Yellow,Nose,
7,47427,2175,Chinook salmon,327,,Natural,Fry,38.0,1,2026-01-30T11:15:08Z,Continue trapping,Hallwood,Hallwood 1 RR,Elastomer,Yellow,Nose,
7,47428,2175,Chinook salmon,327,,Natural,Fry,35.0,1,2026-01-30T11:15:08Z,Continue trapping,Hallwood,Hallwood 1 RR,Elastomer,Yellow,Nose,
7,47429,2175,Chinook salmon,327,,Natural,Fry,36.0,1,2026-01-30T11:15:08Z,Continue trapping,Hallwood,Hallwood 1 RR,Elastomer,Yellow,Nose,
7,47536,2176,Chinook salmon,327,,Natural,Fry,37.0,1,2026-01-30T11:16:59Z,Continue trapping,Hallwood,Hallwood 2 RL,Elastomer,Yellow,Nose,
7,47537,2176,Chinook salmon,327,,Natural,Fry,38.0,1,2026-01-30T11:16:59Z,Continue trapping,Hallwood,Hallwood 2 RL,Elastomer,Yellow,Nose,
7,47538,2176,Chinook salmon,327,,Natural,Fry,36.0,1,2026-01-30T11:16:59Z,Continue trapping,Hallwood,Hallwood 2 RL,Elastomer,Yellow,Nose,
7,47539,2176,Chinook salmon,327,,Natural,Fry,37.0,1,2026-01-30T11:16:59Z,Continue trapping,Hallwood,Hallwood 2 RL,Elastomer,Yellow,Nose,
7,47540,2176,Chinook salmon,327,,Natural,Fry,35.0,1,2026-01-30T11:16:59Z,Continue trapping,Hallwood,Hallwood 2 RL,Elastomer,Yellow,Nose,
7,47541,2176,Chinook salmon,327,,Natural,Fry,37.0,1,2026-01-30T11:16:59Z,Continue trapping,Hallwood,Hallwood 2 RL,Elastomer,Yellow,Nose,
7,47542,2176,Chinook salmon,327,,Natural,Fry,38.0,1,2026-01-30T11:16:59Z,Continue trapping,Hallwood,Hallwood 2 RL,Elastomer,Yellow,Nose,
7,47543,2176,Chinook salmon,327,,Natural,Fry,36.0,1,2026-01-30T11:16:59Z,Continue trapping,Hallwood,Hallwood 2 RL,Elastomer,Yellow,Nose,
7,47602,2177,Chinook salmon,327,,Natural,Fry,37.0,1,2026-01-30T23:03:19Z,Continue trapping,Hallwood,Hallwood 3,Elastomer,Yellow,Nose,
7,47603,2177,Chinook salmon,327,,Natural,Fry,35.0,1,2026-01-30T23:03:19Z,Continue trapping,Hallwood,Hallwood 3,Elastomer,Yellow,Nose,
7,47604,2177,Chinook salmon,327,,Natural,Fry,36.0,1,2026-01-30T23:03:19Z,Continue trapping,Hallwood,Hallwood 3,Elastomer,Yellow,Nose,
7,47605,2177,Chinook salmon,327,,Natural,Fry,37.0,1,2026-01-30T23:03:19Z,Continue trapping,Hallwood,Hallwood 3,Elastomer,Yellow,Nose,
7,47606,2177,Chinook salmon,327,,Natural,Fry,35.0,1,2026-01-30T23:03:19Z,Continue trapping,Hallwood,Hallwood 3,Elastomer,Yellow,Nose,
7,47859,2182,Chinook salmon,327,,Natural,Fry,35.0,1,2026-02-01T09:37:23Z,Continue trapping,Hallwood,Hallwood 2 RL,Elastomer,Yellow,Nose,
7,47889,2183,Chinook salmon,327,,Natural,Fry,35.0,1,2026-02-01T09:43:06Z,Continue trapping,Hallwood,Hallwood 3,Elastomer,Yellow,Nose,
7,47948,2184,Chinook salmon,327,,Natural,Not recorded,37.0,1,2026-02-02T10:00:41Z,Continue trapping,Hallwood,Hallwood 1 RR,Elastomer,Yellow,Nose,
7,47949,2184,Chinook salmon,327,,Natural,Not recorded,35.0,1,2026-02-02T10:00:41Z,Continue trapping,Hallwood,Hallwood 1 RR,Elastomer,Yellow,Nose,
7,47950,2184,Chinook salmon,327,,Natural,Not recorded,34.0,1,2026-02-02T10:00:41Z,Continue trapping,Hallwood,Hallwood 1 RR,Elastomer,Yellow,Nose,
7,48060,2186,Chinook salmon,327,,Natural,Not recorded,37.0,1,2026-02-02T10:00:35Z,Unplanned restart,Hallwood,Hallwood 3,Elastomer,Yellow,Nose,
7,48116,2187,Chinook salmon,327,,Natural,Not recorded,37.0,1,2026-02-03T09:50:23Z,Continue trapping,Hallwood,Hallwood 1 RR,Elastomer,Yellow,Nose,
7,48626,2197,Chinook salmon,328,,Natural,Not recorded,38.0,1,2026-02-06T10:00:55Z,Continue trapping,Hallwood,Hallwood 1 RR,Elastomer,Yellow,Nose,
7,48627,2197,Chinook salmon,328,,Natural,Not recorded,37.0,1,2026-02-06T10:00:55Z,Continue trapping,Hallwood,Hallwood 1 RR,Elastomer,Yellow,Nose,
7,48628,2197,Chinook salmon,328,,Natural,Not recorded,37.0,1,2026-02-06T10:00:55Z,Continue trapping,Hallwood,Hallwood 1 RR,Elastomer,Yellow,Nose,
7,48629,2197,Chinook salmon,328,,Natural,Not recorded,36.0,1,2026-02-06T10:00:55Z,Continue trapping,Hallwood,Hallwood 1 RR,Elastomer,Yellow,Nose,
7,48630,2197,Chinook salmon,328,,Natural,Not recorded,38.0,1,2026-02-06T10:00:55Z,Continue trapping,Hallwood,Hallwood 1 RR,Elastomer,Yellow,Nose,
7,48631,2197,Chinook salmon,328,,Natural,Not recorded,38.0,1,2026-02-06T10:00:55Z,Continue trapping,Hallwood,Hallwood 1 RR,Elastomer,Yellow,Nose,
7,48632,2197,Chinook salmon,328,,Natural,Not recorded,36.0,1,2026-02-06T10:00:55Z,Continue trapping,Hallwood,Hallwood 1 RR,Elastomer,Yellow,Nose,
7,48633,2197,Chinook salmon,328,,Natural,Not recorded,35.0,1,2026-02-06T10:00:55Z,Continue trapping,Hallwood,Hallwood 1 RR,Elastomer,Yellow,Nose,
7,48634,2197,Chinook salmon,328,,Natural,Not recorded,39.0,1,2026-02-06T10:00:55Z,Continue trapping,Hallwood,Hallwood 1 RR,Elastomer,Yellow,Nose,
7,48635,2197,Chinook salmon,328,,Natural,Not recorded,37.0,1,2026-02-06T10:00:55Z,Continue trapping,Hallwood,Hallwood 1 RR,Elastomer,Yellow,Nose,
7,48636,2197,Chinook salmon,328,,Natural,Not recorded,36.0,1,2026-02-06T10:00:55Z,Continue trapping,Hallwood,Hallwood 1 RR,Elastomer,Yellow,Nose,
7,48637,2197,Chinook salmon,338,,Natural,Not recorded,36.0,1,2026-02-06T10:00:55Z,Continue trapping,Hallwood,Hallwood 1 RR,Elastomer,Pink,Nose,
7,48638,2197,Chinook salmon,338,,Natural,Not recorded,37.0,1,2026-02-06T10:00:55Z,Continue trapping,Hallwood,Hallwood 1 RR,Elastomer,Pink,Nose,
7,48639,2197,Chinook salmon,338,,Natural,Not recorded,36.0,1,2026-02-06T10:00:55Z,Continue trapping,Hallwood,Hallwood 1 RR,Elastomer,Pink,Nose,
7,48640,2197,Chinook salmon,338,,Natural,Not recorded,39.0,1,2026-02-06T10:00:55Z,Continue trapping,Hallwood,Hallwood 1 RR,Elastomer,Pink,Nose,
7,48694,2198,Chinook salmon,328,,Natural,Not recorded,37.0,1,2026-02-06T10:10:26Z,Continue trapping,Hallwood,Hallwood 2 RL,Elastomer,Yellow,Nose,
7,48695,2198,Chinook salmon,328,,Natural,Not recorded,39.0,1,2026-02-06T10:10:26Z,Continue trapping,Hallwood,Hallwood 2 RL,Elastomer,Yellow,Nose,
7,48696,2198,Chinook salmon,328,,Natural,Not recorded,34.0,1,2026-02-06T10:10:26Z,Continue trapping,Hallwood,Hallwood 2 RL,Elastomer,Yellow,Nose,
7,48697,2198,Chinook salmon,328,,Natural,Not recorded,35.0,1,2026-02-06T10:10:26Z,Continue trapping,Hallwood,Hallwood 2 RL,Elastomer,Yellow,Nose,
7,48698,2198,Chinook salmon,328,,Natural,Not recorded,39.0,1,2026-02-06T10:10:26Z,Continue trapping,Hallwood,Hallwood 2 RL,Elastomer,Yellow,Nose,
7,48699,2198,Chinook salmon,328,,Natural,Not recorded,37.0,1,2026-02-06T10:10:26Z,Continue trapping,Hallwood,Hallwood 2 RL,Elastomer,Yellow,Nose,
7,48700,2198,Chinook salmon,328,,Natural,Not recorded,34.0,1,2026-02-06T10:10:26Z,Continue trapping,Hallwood,Hallwood 2 RL,Elastomer,Yellow,Nose,
7,48701,2198,Chinook salmon,338,,Natural,Not recorded,35.0,1,2026-02-06T10:10:26Z,Continue trapping,Hallwood,Hallwood 2 RL,Elastomer,Pink,Nose,
7,48702,2198,Chinook salmon,338,,Natural,Not recorded,36.0,1,2026-02-06T10:10:26Z,Continue trapping,Hallwood,Hallwood 2 RL,Elastomer,Pink,Nose,
7,48703,2198,Chinook salmon,338,,Natural,Not recorded,34.0,1,2026-02-06T10:10:26Z,Continue trapping,Hallwood,Hallwood 2 RL,Elastomer,Pink,Nose,
7,48744,2199,Chinook salmon,338,,Natural,Fry,37.0,1,2026-02-06T10:15:52Z,Continue trapping,Hallwood,Hallwood 3,Elastomer,Pink,Nose,
7,48745,2199,Chinook salmon,338,,Natural,Fry,39.0,1,2026-02-06T10:15:52Z,Continue trapping,Hallwood,Hallwood 3,Elastomer,Pink,Nose,
7,48746,2199,Chinook salmon,338,,Natural,Fry,34.0,1,2026-02-06T10:15:52Z,Continue trapping,Hallwood,Hallwood 3,Elastomer,Pink,Nose,
7,48747,2199,Chinook salmon,338,,Natural,Fry,37.0,1,2026-02-06T10:15:52Z,Continue trapping,Hallwood,Hallwood 3,Elastomer,Pink,Nose,
7,48748,2199,Chinook salmon,328,,Natural,Fry,38.0,1,2026-02-06T10:15:52Z,Continue trapping,Hallwood,Hallwood 3,Elastomer,Yellow,Nose,
7,48749,2199,Chinook salmon,328,,Natural,Fry,32.0,1,2026-02-06T10:15:52Z,Continue trapping,Hallwood,Hallwood 3,Elastomer,Yellow,Nose,
7,48750,2199,Chinook salmon,328,,Natural,Fry,38.0,1,2026-02-06T10:15:52Z,Continue trapping,Hallwood,Hallwood 3,Elastomer,Yellow,Nose,
7,48751,2199,Chinook salmon,328,,Natural,Fry,37.0,1,2026-02-06T10:15:52Z,Continue trapping,Hallwood,Hallwood 3,Elastomer,Yellow,Nose,
7,48806,2200,Chinook salmon,328,,Natural,Fry,37.0,1,2026-02-08T09:46:05Z,Continue trapping,Hallwood,Hallwood 1 RR,Elastomer,Yellow,Nose,
7,49053,2207,Chinook salmon,328,,Natural,Fry,38.0,1,2026-02-10T10:54:29Z,Continue trapping,Hallwood,Hallwood 2 RL,Elastomer,Yellow,Nose,
7,49280,2216,Chinook salmon,328,,Natural,Not recorded,37.0,1,2026-02-12T13:25:51Z,Continue trapping,Hallwood,Hallwood 3,Elastomer,Yellow,Nose,
7,49306,2217,Chinook salmon,329,,Natural,Not recorded,38.0,1,2026-02-13T10:05:37Z,Continue trapping,Hallwood,Hallwood 1 RR,Elastomer,Yellow,Nose,
7,49307,2217,Chinook salmon,329,,Natural,Not recorded,31.0,1,2026-02-13T10:05:37Z,Continue trapping,Hallwood,Hallwood 1 RR,Elastomer,Yellow,Nose,
7,49308,2217,Chinook salmon,329,,Natural,Not recorded,35.0,1,2026-02-13T10:05:37Z,Continue trapping,Hallwood,Hallwood 1 RR,Elastomer,Yellow,Nose,
7,49309,2217,Chinook salmon,329,,Natural,Not recorded,37.0,1,2026-02-13T10:05:37Z,Continue trapping,Hallwood,Hallwood 1 RR,Elastomer,Yellow,Nose,
7,49378,2218,Chinook salmon,329,,Natural,Not recorded,36.0,1,2026-02-13T10:10:40Z,Continue trapping,Hallwood,Hallwood 2 RL,Elastomer,Yellow,Nose,
7,49379,2218,Chinook salmon,329,,Natural,Not recorded,34.0,1,2026-02-13T10:10:40Z,Continue trapping,Hallwood,Hallwood 2 RL,Elastomer,Yellow,Nose,
7,49515,2221,Chinook salmon,329,,Natural,Fry,37.0,1,2026-02-14T09:48:10Z,Continue trapping,Hallwood,Hallwood 2 RL,Elastomer,Yellow,Nose,
7,49701,2226,Chinook salmon,338,,Natural,Fry,39.0,1,2026-02-07T09:45:01Z,Continue trapping,Hallwood,Hallwood 1 RR,Elastomer,Pink,Nose,
7,49702,2226,Chinook salmon,328,,Natural,Fry,37.0,1,2026-02-07T09:45:01Z,Continue trapping,Hallwood,Hallwood 1 RR,Elastomer,Yellow,Nose,
7,49757,2228,Chinook salmon,328,,Natural,Fry,37.0,1,2026-02-07T09:45:06Z,Continue trapping,Hallwood,Hallwood 2 RL,Elastomer,Yellow,Nose,
7,49829,2230,Chinook salmon,329,,Natural,Fry,34.0,1,2026-02-16T12:30:34Z,End trapping,Hallwood,Hallwood 1 RR,Elastomer,Yellow,Nose,
7,50466,2245,Chinook salmon,330,,Natural,Fry,37.0,1,2026-02-21T09:09:46Z,Continue trapping,Hallwood,Hallwood 1 RR,Elastomer,Yellow,Nose,
7,50467,2245,Chinook salmon,330,,Natural,Fry,40.0,1,2026-02-21T09:09:46Z,Continue trapping,Hallwood,Hallwood 1 RR,Elastomer,Yellow,Nose,
7,50468,2245,Chinook salmon,330,,Natural,Fry,39.0,1,2026-02-21T09:09:46Z,Continue trapping,Hallwood,Hallwood 1 RR,Elastomer,Yellow,Nose,
7,50469,2245,Chinook salmon,330,,Natural,Fry,39.0,1,2026-02-21T09:09:46Z,Continue trapping,Hallwood,Hallwood 1 RR,Elastomer,Yellow,Nose,
7,50540,2246,Chinook salmon,330,,Natural,Fry,35.0,1,2026-02-21T09:09:35Z,Continue trapping,Hallwood,Hallwood 2 RL,Elastomer,Yellow,Nose,
7,50541,2246,Chinook salmon,330,,Natural,Fry,37.0,1,2026-02-21T09:09:35Z,Continue trapping,Hallwood,Hallwood 2 RL,Elastomer,Yellow,Nose,
7,50542,2246,Chinook salmon,330,,Natural,Fry,35.0,1,2026-02-21T09:09:35Z,Continue trapping,Hallwood,Hallwood 2 RL,Elastomer,Yellow,Nose,
7,50543,2246,Chinook salmon,330,,Natural,Fry,35.0,1,2026-02-21T09:09:35Z,Continue trapping,Hallwood,Hallwood 2 RL,Elastomer,Yellow,Nose,
7,50544,2246,Chinook salmon,330,,Natural,Fry,36.0,1,2026-02-21T09:09:35Z,Continue trapping,Hallwood,Hallwood 2 RL,Elastomer,Yellow,Nose,
7,50545,2246,Chinook salmon,330,,Natural,Fry,36.0,1,2026-02-21T09:09:35Z,Continue trapping,Hallwood,Hallwood 2 RL,Elastomer,Yellow,Nose,
7,50546,2246,Chinook salmon,330,,Natural,Fry,39.0,1,2026-02-21T09:09:35Z,Continue trapping,Hallwood,Hallwood 2 RL,Elastomer,Yellow,Nose,
7,50547,2246,Chinook salmon,330,,Natural,Fry,37.0,1,2026-02-21T09:09:35Z,Continue trapping,Hallwood,Hallwood 2 RL,Elastomer,Yellow,Nose,
7,50548,2246,Chinook salmon,330,,Natural,Fry,34.0,1,2026-02-21T09:09:35Z,Continue trapping,Hallwood,Hallwood 2 RL,Elastomer,Yellow,Nose,
7,50549,2246,Chinook salmon,330,,Natural,Fry,35.0,1,2026-02-21T09:09:35Z,Continue trapping,Hallwood,Hallwood 2 RL,Elastomer,Yellow,Nose,
7,50869,2252,Chinook salmon,330,,Natural,Not recorded,33.0,1,2026-02-23T10:50:36Z,Continue trapping,Hallwood,Hallwood 2 RL,Elastomer,Yellow,Nose,
7,50870,2252,Chinook salmon,330,,Natural,Not recorded,36.0,1,2026-02-23T10:50:36Z,Continue trapping,Hallwood,Hallwood 2 RL,Elastomer,Yellow,Nose,
7,50871,2252,Chinook salmon,330,,Natural,Not recorded,35.0,1,2026-02-23T10:50:36Z,Continue trapping,Hallwood,Hallwood 2 RL,Elastomer,Yellow,Nose,
7,50872,2252,Chinook salmon,330,,Natural,Not recorded,35.0,1,2026-02-23T10:50:36Z,Continue trapping,Hallwood,Hallwood 2 RL,Elastomer,Yellow,Nose,
7,51621,2278,Chinook salmon,331,,Natural,Fry,38.0,1,2026-03-07T09:45:53Z,Continue trapping,Hallwood,Hallwood 2 RL,Elastomer,Yellow,Nose,
7,51649,2280,Chinook salmon,331,,Natural,Fry,34.0,1,2026-03-06T10:30:26Z,Continue trapping,Hallwood,Hallwood 1 RR,Elastomer,Yellow,Nose,
7,51650,2280,Chinook salmon,331,,Natural,Fry,37.0,1,2026-03-06T10:30:26Z,Continue trapping,Hallwood,Hallwood 1 RR,Elastomer,Yellow,Nose,
7,52131,2299,Chinook salmon,332,,Natural,Fry,30.0,1,2026-03-13T10:40:25Z,Continue trapping,Hallwood,Hallwood 1 RR,Elastomer,Yellow,Nose,
7,52132,2299,Chinook salmon,332,,Natural,Parr,36.0,1,2026-03-13T10:40:25Z,Continue trapping,Hallwood,Hallwood 1 RR,Elastomer,Yellow,Nose,
7,52133,2299,Chinook salmon,332,,Natural,Parr,36.0,1,2026-03-13T10:40:25Z,Continue trapping,Hallwood,Hallwood 1 RR,Elastomer,Yellow,Nose,
7,52192,2300,Chinook salmon,332,,Natural,Parr,35.0,1,2026-03-13T10:41:31Z,Continue trapping,Hallwood,Hallwood 2 RL,Elastomer,Yellow,Nose,
7,52247,2302,Chinook salmon,332,,Natural,Not recorded,34.0,1,2026-03-14T10:10:01Z,Continue trapping,Hallwood,Hallwood 1 RR,Elastomer,Yellow,Nose,
7,52248,2302,Chinook salmon,332,,Natural,Not recorded,38.0,1,2026-03-14T10:10:01Z,Continue trapping,Hallwood,Hallwood 1 RR,Elastomer,Yellow,Nose,
7,52689,2315,Chinook salmon,332,,Natural,Fry,38.0,1,2026-03-18T11:25:32Z,Continue trapping,Hallwood,Hallwood 2 RL,Elastomer,Yellow,Nose,
7,52903,2320,Chinook salmon,333,,Natural,Parr,56.0,1,2026-03-20T09:50:22Z,Continue trapping,Hallwood,Hallwood 1 RR,Elastomer,Yellow,Nose,
7,52904,2320,Chinook salmon,333,,Natural,Fry,37.0,1,2026-03-20T09:50:22Z,Continue trapping,Hallwood,Hallwood 1 RR,Elastomer,Yellow,Nose,
7,52944,2321,Chinook salmon,333,,Natural,Parr,40.0,1,2026-03-20T10:00:14Z,Continue trapping,Hallwood,Hallwood 2 RL,Elastomer,Yellow,Nose,
7,52945,2321,Chinook salmon,333,,Natural,Parr,53.0,1,2026-03-20T10:00:14Z,Continue trapping,Hallwood,Hallwood 2 RL,Elastomer,Yellow,Nose,
7,52993,2322,Chinook salmon,333,,Natural,Fry,36.0,1,2026-03-20T10:00:22Z,Continue trapping,Hallwood,Hallwood 3,Elastomer,Yellow,Nose,
7,53019,2323,Chinook salmon,333,,Natural,Parr,53.0,1,2026-03-21T14:00:14Z,Continue trapping,Hallwood,Hallwood 1 RR,Elastomer,Yellow,Nose,
7,53102,2326,Chinook salmon,333,,Natural,Silvery parr,51.0,1,2026-03-22T10:44:25Z,Continue trapping,Hallwood,Hallwood 1 RR,Elastomer,Yellow,Nose,
7,53712,2342,Chinook salmon,334,,Natural,Parr,57.0,1,2026-03-27T10:07:53Z,Continue trapping,Hallwood,Hallwood 1 RR,Elastomer,Yellow,Nose,
7,53713,2342,Chinook salmon,334,,Natural,Parr,40.0,1,2026-03-27T10:07:53Z,Continue trapping,Hallwood,Hallwood 1 RR,Elastomer,Yellow,Nose,
7,53714,2342,Chinook salmon,334,,Natural,Parr,52.0,1,2026-03-27T10:07:53Z,Continue trapping,Hallwood,Hallwood 1 RR,Elastomer,Yellow,Nose,
7,53715,2342,Chinook salmon,334,,Natural,Fry,37.0,1,2026-03-27T10:07:53Z,Continue trapping,Hallwood,Hallwood 1 RR,Elastomer,Yellow,Nose,
7,54721,2370,Chinook salmon,335,,Natural,Parr,35.0,1,2026-04-04T11:20:21Z,Continue trapping,Hallwood,Hallwood 2 RL,Elastomer,Yellow,Nose,
7,55033,2385,Chinook salmon,337,,Natural,Silvery parr,55.0,1,2026-04-10T09:50:38Z,End trapping,Hallwood,Hallwood 1 RR,Elastomer,Yellow,Nose,
7,55169,2403,Chinook salmon,341,,Natural,Silvery parr,67.0,1,2026-04-17T09:47:24Z,Continue trapping,Hallwood,Hallwood 2 RL,Elastomer,Pink,Nose,
7,55170,2403,Chinook salmon,341,,Natural,Silvery parr,66.0,1,2026-04-17T09:47:24Z,Continue trapping,Hallwood,Hallwood 2 RL,Elastomer,Pink,Nose,
7,55171,2403,Chinook salmon,341,,Natural,Silvery parr,67.0,1,2026-04-17T09:47:24Z,Continue trapping,Hallwood,Hallwood 2 RL,Elastomer,Pink,Nose,
7,55172,2403,Chinook salmon,341,,Natural,Silvery parr,66.0,1,2026-04-17T09:47:24Z,Continue trapping,Hallwood,Hallwood 2 RL,Elastomer,Pink,Nose,
7,55173,2403,Chinook salmon,341,,Natural,Silvery parr,68.0,1,2026-04-17T09:47:24Z,Continue trapping,Hallwood,Hallwood 2 RL,Elastomer,Pink,Nose,
7,55174,2403,Chinook salmon,341,,Natural,Silvery parr,57.0,1,2026-04-17T09:47:24Z,Continue trapping,Hallwood,Hallwood 2 RL,Elastomer,Pink,Nose,
7,55175,2403,Chinook salmon,341,,Natural,Silvery parr,67.0,1,2026-04-17T09:47:24Z,Continue trapping,Hallwood,Hallwood 2 RL,Elastomer,Pink,Nose,
7,55176,2403,Chinook salmon,341,,Natural,Silvery parr,69.0,1,2026-04-17T09:47:24Z,Continue trapping,Hallwood,Hallwood 2 RL,Elastomer,Pink,Nose,
7,55177,2403,Chinook salmon,340,,Natural,Parr,43.0,1,2026-04-17T09:47:24Z,Continue trapping,Hallwood,Hallwood 2 RL,Elastomer,Yellow,Nose,
7,55837,2432,Chinook salmon,342,,Natural,Silvery parr,48.0,1,2026-05-01T10:11:05Z,Continue trapping,Hallwood,Hallwood 1 RR,Elastomer,Yellow,Nose,
7,55838,2432,Chinook salmon,342,,Natural,Silvery parr,55.0,1,2026-05-01T10:11:05Z,Continue trapping,Hallwood,Hallwood 1 RR,Elastomer,Yellow,Nose,
7,55839,2432,Chinook salmon,342,,Natural,Silvery parr,57.0,1,2026-05-01T10:11:05Z,Continue trapping,Hallwood,Hallwood 1 RR,Elastomer,Yellow,Nose,
7,55860,2433,Chinook salmon,342,,Natural,Silvery parr,62.0,1,2026-05-01T10:38:40Z,Continue trapping,Hallwood,Hallwood 2 RL,Elastomer,Yellow,Nose,
7,55861,2433,Chinook salmon,342,,Natural,Silvery parr,58.0,1,2026-05-01T10:38:40Z,Continue trapping,Hallwood,Hallwood 2 RL,Elastomer,Yellow,Nose,
7,55862,2433,Chinook salmon,342,,Natural,Silvery parr,63.0,1,2026-05-01T10:38:40Z,Continue trapping,Hallwood,Hallwood 2 RL,Elastomer,Yellow,Nose,
7,55863,2433,Chinook salmon,342,,Natural,Silvery parr,57.0,1,2026-05-01T10:38:40Z,Continue trapping,Hallwood,Hallwood 2 RL,Elastomer,Yellow,Nose,
7,55864,2433,Chinook salmon,342,,Natural,Silvery parr,72.0,1,2026-05-01T10:38:40Z,Continue trapping,Hallwood,Hallwood 2 RL,Elastomer,Yellow,Nose,
7,55865,2433,Chinook salmon,342,,Natural,Silvery parr,53.0,1,2026-05-01T10:38:40Z,Continue trapping,Hallwood,Hallwood 2 RL,Elastomer,Yellow,Nose,
7,55866,2433,Chinook salmon,342,,Natural,Silvery parr,62.0,1,2026-05-01T10:38:40Z,Continue trapping,Hallwood,Hallwood 2 RL,Elastomer,Yellow,Nose,
7,55934,2435,Chinook salmon,342,,Natural,Silvery parr,52.0,1,2026-05-02T08:37:56Z,Continue trapping,Hallwood,Hallwood 1 RR,Elastomer,Yellow,Nose,
7,55960,2436,Chinook salmon,342,,Natural,Silvery parr,66.0,1,2026-05-02T08:45:28Z,Continue trapping,Hallwood,Hallwood 2 RL,Elastomer,Yellow,Nose,
7,56376,2456,Chinook salmon,343,,Natural,Silvery parr,74.0,1,2026-05-08T09:28:41Z,Continue trapping,Hallwood,Hallwood 1 RR,Elastomer,Pink,Nose,
7,56377,2456,Chinook salmon,343,,Natural,Silvery parr,69.0,1,2026-05-08T09:28:41Z,Continue trapping,Hallwood,Hallwood 1 RR,Elastomer,Pink,Nose,
7,56378,2456,Chinook salmon,343,,Natural,Silvery parr,72.0,1,2026-05-08T09:28:41Z,Continue trapping,Hallwood,Hallwood 1 RR,Elastomer,Pink,Nose,
7,56379,2456,Chinook salmon,343,,Natural,Silvery parr,75.0,1,2026-05-08T09:28:41Z,Continue trapping,Hallwood,Hallwood 1 RR,Elastomer,Pink,Nose,
7,56380,2456,Chinook salmon,343,,Natural,Silvery parr,76.0,1,2026-05-08T09:28:41Z,Continue trapping,Hallwood,Hallwood 1 RR,Elastomer,Pink,Nose,
7,56381,2456,Chinook salmon,343,,Natural,Silvery parr,77.0,1,2026-05-08T09:28:41Z,Continue trapping,Hallwood,Hallwood 1 RR,Elastomer,Pink,Nose,
7,56382,2456,Chinook salmon,343,,Natural,Silvery parr,84.0,1,2026-05-08T09:28:41Z,Continue trapping,Hallwood,Hallwood 1 RR,Elastomer,Pink,Nose,
7,56421,2457,Chinook salmon,343,,Natural,Silvery parr,68.0,1,2026-05-08T09:34:16Z,Continue trapping,Hallwood,Hallwood 2 RL,Elastomer,Pink,Nose,
7,56422,2457,Chinook salmon,343,,Natural,Silvery parr,70.0,1,2026-05-08T09:34:16Z,Continue trapping,Hallwood,Hallwood 2 RL,Elastomer,Pink,Nose,
7,56423,2457,Chinook salmon,343,,Natural,Silvery parr,74.0,1,2026-05-08T09:34:16Z,Continue trapping,Hallwood,Hallwood 2 RL,Elastomer,Pink,Nose,
7,56424,2457,Chinook salmon,343,,Natural,Silvery parr,74.0,1,2026-05-08T09:34:16Z,Continue trapping,Hallwood,Hallwood 2 RL,Elastomer,Pink,Nose,
7,56425,2457,Chinook salmon,343,,Natural,Silvery parr,77.0,1,2026-05-08T09:34:16Z,Continue trapping,Hallwood,Hallwood 2 RL,Elastomer,Pink,Nose,
7,56426,2457,Chinook salmon,344,,Natural,Silvery parr,62.0,1,2026-05-08T09:34:16Z,Continue trapping,Hallwood,Hallwood 2 RL,Elastomer,Yellow,Nose,
7,56427,2457,Chinook salmon,344,,Natural,Silvery parr,70.0,1,2026-05-08T09:34:16Z,Continue trapping,Hallwood,Hallwood 2 RL,Elastomer,Yellow,Nose,
7,56428,2457,Chinook salmon,344,,Natural,Silvery parr,50.0,1,2026-05-08T09:34:16Z,Continue trapping,Hallwood,Hallwood 2 RL,Elastomer,Yellow,Nose,
7,56526,2462,Chinook salmon,343,,Natural,Not recorded,91.0,1,2026-05-10T11:15:43Z,Continue trapping,Hallwood,Hallwood 1 RR,Elastomer,Pink,Nose,
