projectDescriptionID,trapVisitID,visitTime,siteName,subSiteName,visitType,fishProcessed,trapFunctioning,counterAtEnd,rpmRevolutionsAtStart,rpmRevolutionsAtEnd,includeCatch,waterTemp,turbidity
7,2087,2026-01-01T10:00:14Z,Hallwood,Hallwood 3,Continue trapping,Processed fish,Trap functioning normally,2755.0,2.5,1.29999995231628,Yes,9.5,6.44999980926514
7,2086,2026-01-01T10:00:22Z,Hallwood,Hallwood 2 RL,Continue trapping,Processed fish,Trap functioning normally,4275.0,3.79999995231628,4.09999990463257,Yes,9.5,6.44999980926514
7,2085,2026-01-01T10:00:57Z,Hallwood,Hallwood 1 RR,Continue trapping,Processed fish,Trap functioning normally,6365.0,4.40000009536743,4.5,Yes,9.5,6.44999980926514
7,2090,2026-01-02T13:59:59Z,Hallwood,Hallwood 3,End trapping,Processed fish,Trap functioning but not normally,4560.0,0.0,,Yes,10.0,8.89000034332275
7,2088,2026-01-02T14:15:02Z,Hallwood,Hallwood 2 RL,End trapping,Processed fish,Trap functioning but not normally,4275.0,0.0,,Yes,10.0,8.89000034332275
7,2089,2026-01-02T14:37:58Z,Hallwood,Hallwood 1 RR,End trapping,Processed fish,Trap functioning normally,8312.0,0.0,,Yes,10.0,8.89000034332275
7,2099,2026-01-05T13:00:09Z,Hallwood,Hallwood 2 RL,Start trap & begin trapping,Not applicable,Trap functioning normally,,,0.100000001490116,Yes,,
7,2098,2026-01-05T13:00:20Z,Hallwood,Hallwood 1 RR,Start trap & begin trapping,Not applicable,Trap functioning normally,,,0.899999976158142,Yes,,
7,2100,2026-01-06T10:45:07Z,Hallwood,Hallwood 2 RL,Continue trapping,No fish were caught,Trap functioning normally,475.0,0.100000001490116,2.0,Yes,10.0,7.17999982833862
7,2101,2026-01-06T10:45:14Z,Hallwood,Hallwood 1 RR,Continue trapping,Processed fish,Trap functioning normally,2707.0,2.40000009536743,5.69999980926514,Yes,10.0,7.17999982833862
7,2104,2026-01-07T10:20:53Z,Hallwood,Hallwood 2 RL,Continue trapping,Processed fish,Trap functioning normally,4275.0,3.90000009536743,3.0,Yes,10.0,4.84000015258789
7,2103,2026-01-07T10:30:15Z,Hallwood,Hallwood 1 RR,Continue trapping,Processed fish,Trap functioning normally,8027.0,5.69999980926514,4.5,Yes,10.0,4.84000015258789
7,2097,2026-01-08T10:00:14Z,Hallwood,Hallwood 1 RR,Continue trapping,Processed fish,Trap functioning normally,6460.0,5.69999980926514,5.30000019073486,Yes,9.0,3.90000009536743
7,2105,2026-01-08T10:05:14Z,Hallwood,Hallwood 2 RL,Continue trapping,Processed fish,Trap functioning normally,3325.0,3.5,3.40000009536743,Yes,9.0,3.90000009536743
7,2106,2026-01-08T10:10:01Z,Hallwood,Hallwood 3,Start trap & begin trapping,Not applicable,Trap functioning normally,,,0.300000011920929,Yes,9.0,3.90000009536743
7,2110,2026-01-09T11:30:52Z,Hallwood,Hallwood 1 RR,Continue trapping,Processed fish,Trap functioning normally,7742.0,4.30000019073486,4.30000019073486,Yes,9.0,9.35000038146973
7,2115,2026-01-09T11:45:44Z,Hallwood,Hallwood 3,Continue trapping,Processed fish,Trap functioning normally,997.0,0.300000011920929,0.699999988079071,Yes,9.0,9.35000038146973
7,2111,2026-01-09T12:00:19Z,Hallwood,Hallwood 2 RL,Continue trapping,Processed fish,Trap functioning normally,4750.0,3.79999995231628,3.29999995231628,Yes,9.0,9.35000038146973
7,2112,2026-01-10T10:30:18Z,Hallwood,Hallwood 2 RL,Continue trapping,Processed fish,Trap functioning normally,3800.0,2.5,2.79999995231628,Yes,9.5,3.41000008583069
7,2116,2026-01-10T10:30:39Z,Hallwood,Hallwood 3,Continue trapping,Processed fish,Trap functioning normally,475.0,0.100000001490116,0.300000011920929,Yes,9.5,3.41000008583069
7,2107,2026-01-10T10:30:47Z,Hallwood,Hallwood 1 RR,Continue trapping,Processed fish,Trap functioning normally,4940.0,3.59999990463257,3.59999990463257,Yes,9.5,3.41000008583069
7,2113,2026-01-11T09:34:07Z,Hallwood,Hallwood 2 RL,Continue trapping,Processed fish,Trap functioning normally,3800.0,2.59999990463257,2.59999990463257,Yes,9.0,3.49000000953674
7,2117,2026-01-11T09:40:54Z,Hallwood,Hallwood 3,Continue trapping,Processed fish,Trap functioning normally,522.0,0.200000002980232,0.200000002980232,Yes,9.0,3.49000000953674
7,2108,2026-01-11T09:46:02Z,Hallwood,Hallwood 1 RR,Continue trapping,Processed fish,Trap functioning normally,4940.0,3.70000004768372,3.70000004768372,Yes,9.0,3.49000000953674
7,2109,2026-01-12T09:50:34Z,Hallwood,Hallwood 1 RR,Continue trapping,Processed fish,Trap functioning normally,5320.0,3.79999995231628,3.79999995231628,Yes,9.5,3.41000008583069
7,2332,2026-01-12T09:57:47Z,Hallwood,Hallwood 2 RL,Continue trapping,Processed fish,Trap functioning normally,3800.0,3.29999995231628,3.5,Yes,9.5,3.41000008583069
7,2118,2026-01-12T10:08:23Z,Hallwood,Hallwood 3,Continue trapping,Processed fish,Trap functioning normally,522.0,0.300000011920929,0.5,Yes,9.5,3.41000008583069
7,2119,2026-01-13T10:25:12Z,Hallwood,Hallwood 1 RR,Continue trapping,Processed fish,Trap functioning normally,5747.0,3.70000004768372,3.59999990463257,Yes,9.5,3.55999994277954
7,2121,2026-01-13T10:36:57Z,Hallwood,Hallwood 2 RL,Continue trapping,Processed fish,Trap functioning normally,4275.0,2.59999990463257,2.70000004768372,Yes,9.5,3.55999994277954
7,2123,2026-01-13T10:45:46Z,Hallwood,Hallwood 3,Continue trapping,Processed fish,Trap functioning normally,475.0,0.100000001490116,0.100000001490116,Yes,9.5,3.55999994277954
7,2124,2026-01-14T10:00:25Z,Hallwood,Hallwood 3,Continue trapping,Processed fish,Trap functioning normally,332.0,0.300000011920929,1.29999995231628,Yes,9.5,3.01999998092651
7,2120,2026-01-14T10:07:53Z,Hallwood,Hallwood 1 RR,Continue trapping,Processed fish,Trap functioning normally,4940.0,3.79999995231628,4.19999980926514,Yes,9.5,3.01999998092651
7,2122,2026-01-14T10:30:11Z,Hallwood,Hallwood 2 RL,Continue trapping,Processed fish,Trap functioning normally,3800.0,3.0,3.20000004768372,Yes,9.5,3.01999998092651
7,2126,2026-01-15T09:55:51Z,Hallwood,Hallwood 2 RL,Continue trapping,Processed fish,Trap functioning normally,4275.0,2.90000009536743,3.29999995231628,Yes,9.5,3.08999991416931
7,2125,2026-01-15T10:00:40Z,Hallwood,Hallwood 1 RR,Continue trapping,Processed fish,Trap functioning normally,6317.0,4.19999980926514,4.40000009536743,Yes,9.5,3.08999991416931
7,2127,2026-01-15T10:05:12Z,Hallwood,Hallwood 3,Continue trapping,Processed fish,Trap functioning normally,2565.0,2.79999995231628,2.70000004768372,Yes,9.5,3.08999991416931
7,2129,2026-01-16T10:50:03Z,Hallwood,Hallwood 2 RL,Continue trapping,Processed fish,Trap functioning normally,4750.0,3.09999990463257,3.0,Yes,10.0,2.84999990463257
7,2130,2026-01-16T10:50:16Z,Hallwood,Hallwood 3,Continue trapping,Processed fish,Trap functioning normally,3087.0,2.5,2.20000004768372,Yes,10.0,2.84999990463257
7,2128,2026-01-16T10:50:27Z,Hallwood,Hallwood 1 RR,Continue trapping,Processed fish,Trap functioning normally,6412.0,4.80000019073486,4.5,Yes,10.0,2.84999990463257
7,2131,2026-01-17T13:40:05Z,Hallwood,Hallwood 1 RR,Continue trapping,Processed fish,Trap functioning normally,7362.0,4.59999990463257,4.30000019073486,Yes,11.5,2.48000001907349
7,2132,2026-01-17T13:50:44Z,Hallwood,Hallwood 2 RL,Continue trapping,Processed fish,Trap functioning normally,4750.0,3.20000004768372,3.09999990463257,Yes,11.5,2.48000001907349
7,2133,2026-01-17T14:00:20Z,Hallwood,Hallwood 3,Continue trapping,Processed fish,Trap functioning normally,3325.0,3.0,2.5,Yes,11.5,2.48000001907349
7,2134,2026-01-18T12:04:47Z,Hallwood,Hallwood 1 RR,Continue trapping,Processed fish,Trap functioning normally,5795.0,4.5,4.5,Yes,11.0,2.57999992370605
7,2136,2026-01-18T12:19:01Z,Hallwood,Hallwood 3,Continue trapping,Processed fish,Trap functioning normally,1425.0,1.79999995231628,2.29999995231628,Yes,11.0,2.57999992370605
7,2135,2026-01-18T12:30:15Z,Hallwood,Hallwood 2 RL,Continue trapping,Processed fish,Trap functioning normally,4275.0,3.59999990463257,3.59999990463257,Yes,11.0,2.57999992370605
7,2166,2026-01-19T11:53:27Z,Hallwood,Hallwood 1 RR,Continue trapping,Processed fish,Trap functioning normally,6412.0,4.19999980926514,4.30000019073486,Yes,10.0,2.0699999332428
7,2167,2026-01-19T11:55:38Z,Hallwood,Hallwood 2 RL,Continue trapping,Processed fish,Trap functioning normally,4750.0,2.59999990463257,2.59999990463257,Yes,10.0,2.0699999332428
7,2168,2026-01-19T12:01:05Z,Hallwood,Hallwood 3,Continue trapping,Processed fish,Trap functioning normally,3040.0,1.10000002384186,0.600000023841858,Yes,10.0,2.0699999332428
7,2137,2026-01-20T10:21:08Z,Hallwood,Hallwood 1 RR,Continue trapping,Processed fish,Trap functioning normally,6032.0,4.59999990463257,434.0,Yes,9.5,1.80999994277954
7,2139,2026-01-20T10:41:39Z,Hallwood,Hallwood 3,Continue trapping,Processed fish,Trap functioning normally,2897.0,2.5,1.70000004768372,Yes,9.5,1.80999994277954
7,2138,2026-01-20T10:50:10Z,Hallwood,Hallwood 2 RL,Continue trapping,Processed fish,Trap functioning normally,3800.0,3.09999990463257,3.0,Yes,9.5,1.80999994277954
7,2141,2026-01-21T10:35:37Z,Hallwood,Hallwood 2 RL,Continue trapping,Processed fish,Trap functioning normally,2850.0,3.0,3.0,Yes,9.5,1.53999996185303
7,2142,2026-01-21T10:40:53Z,Hallwood,Hallwood 3,Continue trapping,Processed fish,Trap functioning normally,2802.0,2.29999995231628,1.20000004768372,Yes,9.5,1.53999996185303
7,2140,2026-01-21T10:40:57Z,Hallwood,Hallwood 1 RR,Continue trapping,Processed fish,Trap functioning normally,6080.0,4.30000019073486,4.40000009536743,Yes,9.5,1.5900000333786
7,2145,2026-01-22T12:20:59Z,Hallwood,Hallwood 3,Continue trapping,Processed fish,Trap functioning normally,2612.0,2.0,1.79999995231628,Yes,10.0,1.46000003814697
7,2144,2026-01-22T12:30:02Z,Hallwood,Hallwood 2 RL,Unplanned restart,Processed fish,Trap functioning normally,2375.0,0.0,3.29999995231628,Yes,10.0,1.46000003814697
7,2143,2026-01-22T12:30:38Z,Hallwood,Hallwood 1 RR,Continue trapping,Processed fish,Trap functioning normally,6460.0,4.30000019073486,4.40000009536743,Yes,10.0,1.46000003814697
7,2146,2026-01-23T10:35:24Z,Hallwood,Hallwood 1 RR,Continue trapping,Processed fish,Trap functioning normally,5747.0,4.30000019073486,4.30000019073486,Yes,9.5,2.1800000667572
7,2147,2026-01-23T10:40:12Z,Hallwood,Hallwood 2 RL,Continue trapping,Processed fish,Trap functioning normally,3800.0,3.0,3.0,Yes,9.5,2.1800000667572
7,2148,2026-01-23T10:45:29Z,Hallwood,Hallwood 3,Continue trapping,Processed fish,Trap functioning normally,2185.0,1.70000004768372,1.79999995231628,Yes,9.5,2.1800000667572
7,2149,2026-01-24T10:12:52Z,Hallwood,Hallwood 1 RR,Continue trapping,Processed fish,Trap functioning normally,5842.0,3.90000009536743,4.40000009536743,Yes,9.0,1.50999999046326
7,2152,2026-01-24T10:30:48Z,Hallwood,Hallwood 3,Continue trapping,Processed fish,Trap functioning normally,2660.0,1.79999995231628,2.09999990463257,Yes,9.0,1.50999999046326
7,2150,2026-01-24T10:42:30Z,Hallwood,Hallwood 2 RL,Continue trapping,Processed fish,Trap functioning normally,4275.0,2.70000004768372,3.0,Yes,9.0,1.50999999046326
7,2153,2026-01-25T12:52:23Z,Hallwood,Hallwood 1 RR,Continue trapping,Processed fish,Trap functioning normally,6602.0,4.09999990463257,4.59999990463257,Yes,9.0,1.67999994754791
7,2154,2026-01-25T13:00:05Z,Hallwood,Hallwood 2 RL,Continue trapping,Processed fish,Trap functioning normally,4275.0,2.79999995231628,3.29999995231628,Yes,9.0,1.67999994754791
7,2155,2026-01-25T13:12:55Z,Hallwood,Hallwood 3,Continue trapping,Processed fish,Trap functioning normally,2802.0,1.5,2.20000004768372,Yes,9.0,1.67999994754791
7,2156,2026-01-26T10:41:41Z,Hallwood,Hallwood 1 RR,Continue trapping,Processed fish,Trap functioning normally,5367.0,3.40000009536743,3.29999995231628,Yes,9.5,1.57000005245209
7,2157,2026-01-26T10:50:02Z,Hallwood,Hallwood 2 RL,Continue trapping,Processed fish,Trap functioning normally,3325.0,2.70000004768372,2.09999990463257,Yes,9.5,1.57000005245209
7,2158,2026-01-26T10:53:12Z,Hallwood,Hallwood 3,Continue trapping,Processed fish,Trap functioning normally,1567.0,0.0,0.0,Yes,9.5,1.57000005245209
7,2161,2026-01-27T10:00:31Z,Hallwood,Hallwood 3,Unplanned restart,No fish were caught,Trap functioning but not normally,47.0,0.0,,Yes,6.5,1.57000005245209
7,2159,2026-01-27T10:10:43Z,Hallwood,Hallwood 1 RR,Continue trapping,Processed fish,Trap functioning normally,5605.0,4.69999980926514,4.59999990463257,Yes,6.5,1.57000005245209
7,2160,2026-01-27T10:11:41Z,Hallwood,Hallwood 2 RL,Continue trapping,Processed fish,Trap functioning normally,3800.0,2.29999995231628,2.5,Yes,6.5,1.57000005245209
7,2171,2026-01-28T11:30:08Z,Hallwood,Hallwood 3,Unplanned restart,Processed fish,Trap functioning but not normally,0.0,0.0,1.79999995231628,Yes,9.5,1.0900000333786
7,2170,2026-01-28T11:35:24Z,Hallwood,Hallwood 2 RL,Continue trapping,Processed fish,Trap functioning normally,3325.0,2.79999995231628,2.5,Yes,9.5,1.0900000333786
7,2169,2026-01-28T11:40:57Z,Hallwood,Hallwood 1 RR,Continue trapping,Processed fish,Trap functioning normally,5795.0,3.90000009536743,3.79999995231628,Yes,9.5,1.0900000333786
7,2172,2026-01-29T11:00:54Z,Hallwood,Hallwood 1 RR,Continue trapping,Processed fish,Trap functioning normally,5510.0,3.79999995231628,4.09999990463257,Yes,10.0,1.11000001430511
7,2173,2026-01-29T11:07:24Z,Hallwood,Hallwood 2 RL,Continue trapping,Processed fish,Trap functioning normally,3800.0,2.0,2.79999995231628,Yes,10.0,1.11000001430511
7,2174,2026-01-29T11:09:25Z,Hallwood,Hallwood 3,Continue trapping,Processed fish,Trap functioning normally,2512.0,1.70000004768372,2.70000004768372,Yes,10.0,1.11000001430511
7,2175,2026-01-30T11:15:08Z,Hallwood,Hallwood 1 RR,Continue trapping,Processed fish,Trap functioning normally,5985.0,4.19999980926514,4.40000009536743,Yes,8.0,1.21000003814697
7,2176,2026-01-30T11:16:59Z,Hallwood,Hallwood 2 RL,Continue trapping,Processed fish,Trap functioning normally,3800.0,2.59999990463257,2.70000004768372,Yes,8.0,1.21000003814697
7,2177,2026-01-30T23:03:19Z,Hallwood,Hallwood 3,Continue trapping,Processed fish,Trap functioning normally,3657.0,2.70000004768372,2.5,Yes,8.0,1.25999999046326
7,2180,2026-01-31T09:30:26Z,Hallwood,Hallwood 3,Continue trapping,Processed fish,Trap functioning normally,3467.0,2.5,3.0,Yes,10.0,1.20000004768372
7,2179,2026-01-31T09:30:29Z,Hallwood,Hallwood 2 RL,Continue trapping,Processed fish,Trap functioning normally,3325.0,2.59999990463257,2.79999995231628,Yes,10.0,1.20000004768372
7,2178,2026-01-31T09:30:47Z,Hallwood,Hallwood 1 RR,Continue trapping,Processed fish,Trap functioning normally,5890.0,4.19999980926514,4.19999980926514,Yes,10.0,1.20000004768372
7,2181,2026-02-01T09:32:07Z,Hallwood,Hallwood 1 RR,Continue trapping,Processed fish,Trap functioning normally,5605.0,4.0,4.09999990463257,Yes,10.0,0.990000009536743
7,2182,2026-02-01T09:37:23Z,Hallwood,Hallwood 2 RL,Continue trapping,Processed fish,Trap functioning normally,3800.0,2.59999990463257,2.70000004768372,Yes,10.0,0.990000009536743
7,2183,2026-02-01T09:43:06Z,Hallwood,Hallwood 3,Continue trapping,Processed fish,Trap functioning normally,2660.0,2.70000004768372,2.70000004768372,Yes,10.0,0.990000009536743
7,2185,2026-02-02T10:00:16Z,Hallwood,Hallwood 2 RL,Continue trapping,Processed fish,Trap functioning normally,3325.0,2.59999990463257,2.59999990463257,Yes,10.0,1.13999998569489
7,2186,2026-02-02T10:00:35Z,Hallwood,Hallwood 3,Unplanned restart,Processed fish,Trap functioning but not normally,1757.0,0.0,2.70000004768372,Yes,10.0,1.13999998569489
7,2184,2026-02-02T10:00:41Z,Hallwood,Hallwood 1 RR,Continue trapping,Processed fish,Trap functioning normally,5795.0,4.09999990463257,4.09999990463257,Yes,10.0,1.13999998569489
7,2187,2026-02-03T09:50:23Z,Hallwood,Hallwood 1 RR,Continue trapping,Processed fish,Trap functioning normally,5415.0,3.79999995231628,3.70000004768372,Yes,10.0,1.12999999523163
7,2188,2026-02-03T10:00:48Z,Hallwood,Hallwood 2 RL,Continue trapping,Processed fish,Trap functioning normally,3325.0,2.20000004768372,2.29999995231628,Yes,10.0,1.12999999523163
7,2189,2026-02-03T10:15:59Z,Hallwood,Hallwood 3,Continue trapping,Processed fish,Trap functioning normally,3515.0,2.0,2.0,Yes,10.0,1.12999999523163
7,2190,2026-02-04T10:35:14Z,Hallwood,Hallwood 1 RR,Continue trapping,Processed fish,Trap functioning normally,5082.0,3.5,4.59999990463257,Yes,10.0,1.1599999666214
7,2191,2026-02-04T10:40:46Z,Hallwood,Hallwood 2 RL,Continue trapping,Processed fish,Trap functioning normally,2850.0,2.20000004768372,2.5,Yes,10.0,1.1599999666214
7,2192,2026-02-04T10:45:00Z,Hallwood,Hallwood 3,Continue trapping,Processed fish,Trap functioning normally,3135.0,1.79999995231628,2.29999995231628,Yes,10.0,1.1599999666214
7,2195,2026-02-05T10:40:29Z,Hallwood,Hallwood 3,Continue trapping,Processed fish,Trap functioning normally,3135.0,2.0,2.09999990463257,Yes,10.0,0.990000009536743
7,2193,2026-02-05T10:40:58Z,Hallwood,Hallwood 1 RR,Continue trapping,Processed fish,Trap functioning normally,5605.0,3.79999995231628,3.79999995231628,Yes,10.0,0.990000009536743
7,2194,2026-02-05T10:45:11Z,Hallwood,Hallwood 2 RL,Continue trapping,Processed fish,Trap functioning normally,3800.0,2.59999990463257,2.40000009536743,Yes,10.0,0.990000009536743
7,2197,2026-02-06T10:00:55Z,Hallwood,Hallwood 1 RR,Continue trapping,Processed fish,Trap functioning normally,5272.0,3.5,3.70000004768372,Yes,10.0,0.829999983310699
7,2198,2026-02-06T10:10:26Z,Hallwood,Hallwood 2 RL,Continue trapping,Processed fish,Trap functioning normally,2850.0,2.29999995231628,2.70000004768372,Yes,10.0,0.829999983310699
7,2199,2026-02-06T10:15:52Z,Hallwood,Hallwood 3,Continue trapping,Processed fish,Trap functioning normally,2802.0,2.0,2.59999990463257,Yes,10.0,0.829999983310699
7,2229,2026-02-07T09:30:13Z,Hallwood,Hallwood 3,Continue trapping,Processed fish,Trap functioning normally,2660.0,1.79999995231628,1.5,Yes,10.0,1.04999995231628
7,2226,2026-02-07T09:45:01Z,Hallwood,Hallwood 1 RR,Continue trapping,Processed fish,Trap functioning normally,4750.0,3.09999990463257,3.40000009536743,Yes,10.0,1.04999995231628
7,2228,2026-02-07T09:45:06Z,Hallwood,Hallwood 2 RL,Continue trapping,Processed fish,Trap stopped functioning,,0.0,,Yes,10.0,1.04999995231628
7,2200,2026-02-08T09:46:05Z,Hallwood,Hallwood 1 RR,Continue trapping,Processed fish,Trap functioning normally,4465.0,3.0,3.09999990463257,Yes,10.0,1.10000002384186
7,2201,2026-02-08T09:50:30Z,Hallwood,Hallwood 2 RL,Continue trapping,Processed fish,Trap functioning normally,2850.0,1.89999997615814,1.89999997615814,Yes,10.0,1.10000002384186
7,2202,2026-02-08T09:57:05Z,Hallwood,Hallwood 3,Continue trapping,Processed fish,Trap functioning normally,2422.0,2.0,1.79999995231628,Yes,10.0,1.10000002384186
7,2204,2026-02-09T09:50:49Z,Hallwood,Hallwood 2 RL,Continue trapping,Processed fish,Trap functioning normally,2850.0,1.70000004768372,2.0,Yes,7.0,4.84999990463257
7,2203,2026-02-09T09:51:53Z,Hallwood,Hallwood 1 RR,Continue trapping,Processed fish,Trap functioning normally,4275.0,3.0,3.09999990463257,Yes,7.0,4.84999990463257
7,2205,2026-02-09T09:57:30Z,Hallwood,Hallwood 3,Continue trapping,Processed fish,Trap functioning normally,2422.0,2.0,2.0,Yes,7.0,4.84999990463257
7,2207,2026-02-10T10:54:29Z,Hallwood,Hallwood 2 RL,Continue trapping,Processed fish,Trap functioning normally,2850.0,1.89999997615814,2.0,Yes,10.5,1.04999995231628
7,2206,2026-02-10T11:00:13Z,Hallwood,Hallwood 1 RR,Continue trapping,Processed fish,Trap functioning normally,4607.0,3.09999990463257,3.09999990463257,Yes,10.5,1.04999995231628
7,2208,2026-02-10T11:02:50Z,Hallwood,Hallwood 3,Continue trapping,Processed fish,Trap functioning normally,2822.0,1.5,1.5,Yes,10.5,1.04999995231628
7,2210,2026-02-11T10:09:51Z,Hallwood,Hallwood 2 RL,Continue trapping,Processed fish,Trap functioning normally,2850.0,1.89999997615814,2.29999995231628,Yes,10.0,0.839999973773956
7,2211,2026-02-11T10:10:17Z,Hallwood,Hallwood 1 RR,Continue trapping,Processed fish,Trap functioning normally,4370.0,3.59999990463257,3.79999995231628,Yes,10.0,0.939999997615814
7,2209,2026-02-11T10:18:58Z,Hallwood,Hallwood 3,Continue trapping,Processed fish,Trap functioning normally,2517.0,2.0,2.09999990463257,Yes,10.0,0.839999973773956
7,2216,2026-02-12T13:25:51Z,Hallwood,Hallwood 3,Continue trapping,Processed fish,Trap functioning normally,3420.0,2.09999990463257,1.60000002384186,Yes,10.0,0.740000009536743
7,2214,2026-02-12T13:30:13Z,Hallwood,Hallwood 1 RR,Continue trapping,Processed fish,Trap functioning normally,5557.0,3.5,3.40000009536743,Yes,10.0,0.740000009536743
7,2215,2026-02-12T13:30:37Z,Hallwood,Hallwood 2 RL,Continue trapping,Processed fish,Trap functioning normally,3325.0,2.29999995231628,2.20000004768372,Yes,10.0,0.740000009536743
7,2217,2026-02-13T10:05:37Z,Hallwood,Hallwood 1 RR,Continue trapping,Processed fish,Trap functioning normally,4465.0,3.59999990463257,3.59999990463257,Yes,11.0,1.61000001430511
7,2218,2026-02-13T10:10:40Z,Hallwood,Hallwood 2 RL,Continue trapping,Processed fish,Trap functioning normally,2850.0,2.40000009536743,2.40000009536743,Yes,11.0,1.61000001430511
7,2219,2026-02-13T10:15:37Z,Hallwood,Hallwood 3,Continue trapping,Processed fish,Trap functioning normally,2660.0,2.29999995231628,2.09999990463257,Yes,11.0,1.61000001430511
7,2220,2026-02-14T09:47:34Z,Hallwood,Hallwood 1 RR,Continue trapping,Processed fish,Trap functioning normally,4845.0,3.20000004768372,3.5,Yes,4.5,1.19000005722046
7,2221,2026-02-14T09:48:10Z,Hallwood,Hallwood 2 RL,Continue trapping,Processed fish,Trap functioning normally,3325.0,1.89999997615814,2.09999990463257,Yes,11.5,1.19000005722046
7,2222,2026-02-14T09:53:07Z,Hallwood,Hallwood 3,Continue trapping,Processed fish,Trap functioning normally,2802.0,1.5,1.29999995231628,Yes,11.5,1.19000005722046
7,2223,2026-02-15T10:19:06Z,Hallwood,Hallwood 1 RR,Continue trapping,Processed fish,Trap functioning normally,5225.0,3.70000004768372,3.59999990463257,Yes,10.0,4.96000003814697
7,2224,2026-02-15T10:20:23Z,Hallwood,Hallwood 2 RL,Continue trapping,Processed fish,Trap functioning normally,3325.0,2.79999995231628,2.90000009536743,Yes,10.0,4.96000003814697
7,2225,2026-02-15T10:35:07Z,Hallwood,Hallwood 3,Continue trapping,Processed fish,Trap functioning normally,2565.0,1.39999997615814,1.5,Yes,10.0,4.96000003814697
7,2232,2026-02-16T12:25:16Z,Hallwood,Hallwood 3,End trapping,Processed fish,Trap functioning normally,5700.0,4.5,,Yes,10.0,3.89000010490417
7,2230,2026-02-16T12:30:34Z,Hallwood,Hallwood 1 RR,End trapping,Processed fish,Trap stopped functioning,5842.0,0.0,0.0,Yes,10.0,3.89000010490417
7,2231,2026-02-16T12:30:43Z,Hallwood,Hallwood 2 RL,End trapping,Processed fish,Trap functioning normally,4275.0,2.70000004768372,,Yes,10.0,3.89000010490417
7,2235,2026-02-17T10:50:00Z,Hallwood,Hallwood 3,Start trap & begin trapping,No fish were caught,Trap functioning normally,,,0.100000001490116,Yes,10.0,5.82000017166138
7,2234,2026-02-17T10:50:18Z,Hallwood,Hallwood 2 RL,Start trap & begin trapping,Not applicable,Trap functioning normally,,,3.5,Yes,10.0,5.82000017166138
7,2233,2026-02-17T10:50:32Z,Hallwood,Hallwood 1 RR,Start trap & begin trapping,Not applicable,Trap functioning normally,,,5.90000009536743,Yes,10.0,5.82000017166138
7,2236,2026-02-18T12:15:02Z,Hallwood,Hallwood 1 RR,Continue trapping,Processed fish,Trap functioning normally,7315.0,5.0,5.19999980926514,Yes,10.0,21.0
7,2237,2026-02-18T12:20:33Z,Hallwood,Hallwood 2 RL,Continue trapping,Processed fish,Trap functioning normally,4750.0,3.70000004768372,4.0,Yes,10.0,21.0
7,2238,2026-02-18T12:25:15Z,Hallwood,Hallwood 3,Continue trapping,Processed fish,Trap functioning normally,427.0,0.0,0.100000001490116,Yes,10.0,21.0
7,2240,2026-02-19T11:00:49Z,Hallwood,Hallwood 2 RL,Continue trapping,Processed fish,Trap functioning normally,8075.0,3.5,4.0,Yes,9.0,24.3999996185303
7,2239,2026-02-19T11:05:54Z,Hallwood,Hallwood 1 RR,Continue trapping,Processed fish,Trap functioning normally,6555.0,4.69999980926514,9.0,Yes,9.0,24.3999996185303
7,2241,2026-02-19T11:10:11Z,Hallwood,Hallwood 3,Continue trapping,Processed fish,Trap functioning normally,570.0,1.79999995231628,1.10000002384186,Yes,9.0,24.3999996185303
7,2244,2026-02-20T10:35:51Z,Hallwood,Hallwood 3,Continue trapping,Processed fish,Trap functioning normally,1377.0,0.100000001490116,0.800000011920929,Yes,10.0,20.0
7,2243,2026-02-20T10:45:24Z,Hallwood,Hallwood 2 RL,Continue trapping,Processed fish,Trap functioning normally,2850.0,2.90000009536743,2.90000009536743,Yes,10.0,20.0
7,2242,2026-02-20T10:50:05Z,Hallwood,Hallwood 1 RR,Continue trapping,Processed fish,Trap functioning normally,8217.0,5.5,5.19999980926514,Yes,10.0,20.0
7,2246,2026-02-21T09:09:35Z,Hallwood,Hallwood 2 RL,Continue trapping,Processed fish,Trap functioning normally,4750.0,4.19999980926514,2.40000009536743,Yes,11.0,57.0999984741211
7,2245,2026-02-21T09:09:46Z,Hallwood,Hallwood 1 RR,Continue trapping,Processed fish,Trap functioning normally,6982.0,5.80000019073486,5.30000019073486,Yes,11.0,57.0999984741211
7,2247,2026-02-21T09:30:57Z,Hallwood,Hallwood 3,Continue trapping,Processed fish,Trap functioning normally,1045.0,2.09999990463257,0.300000011920929,Yes,11.0,57.0999984741211
7,2248,2026-02-22T10:30:23Z,Hallwood,Hallwood 1 RR,Continue trapping,Processed fish,Trap functioning normally,7505.0,5.30000019073486,5.19999980926514,Yes,10.0,37.7999992370605
7,2249,2026-02-22T10:30:36Z,Hallwood,Hallwood 2 RL,Continue trapping,Processed fish,Trap functioning normally,4750.0,3.70000004768372,3.09999990463257,Yes,10.0,37.7999992370605
7,2250,2026-02-22T10:35:46Z,Hallwood,Hallwood 3,Continue trapping,Processed fish,Trap functioning normally,380.0,0.0,0.300000011920929,Yes,10.0,37.7999992370605
7,2251,2026-02-23T10:40:50Z,Hallwood,Hallwood 1 RR,Continue trapping,Processed fish,Trap functioning normally,7315.0,4.90000009536743,5.19999980926514,Yes,10.0,29.7000007629395
7,2252,2026-02-23T10:50:36Z,Hallwood,Hallwood 2 RL,Continue trapping,Processed fish,Trap functioning normally,4750.0,3.40000009536743,3.29999995231628,Yes,10.0,29.7000007629395
7,2253,2026-02-23T11:58:51Z,Hallwood,Hallwood 3,Continue trapping,Processed fish,Trap functioning normally,617.0,0.0,0.300000011920929,Yes,10.0,29.7000007629395
7,2254,2026-02-24T10:40:49Z,Hallwood,Hallwood 1 RR,End trapping,Processed fish,Trap functioning normally,7125.0,5.30000019073486,,Yes,10.0,27.6000003814697
7,2255,2026-02-24T10:43:14Z,Hallwood,Hallwood 2 RL,End trapping,Processed fish,Trap functioning normally,4275.0,3.5,,Yes,10.0,27.6000003814697
7,2256,2026-02-24T10:55:36Z,Hallwood,Hallwood 3,End trapping,Processed fish,Trap functioning normally,712.0,0.300000011920929,,Yes,10.0,27.6000003814697
7,2259,2026-02-26T14:00:47Z,Hallwood,Hallwood 2 RL,Start trap & begin trapping,Not applicable,Trap functioning normally,,,1.5,Yes,10.0,29.3999996185303
7,2258,2026-02-26T14:00:49Z,Hallwood,Hallwood 3,Start trap & begin trapping,Not applicable,Trap functioning normally,,,0.100000001490116,Yes,10.0,29.3999996185303
7,2261,2026-02-27T09:50:12Z,Hallwood,Hallwood 3,Continue trapping,No fish were caught,Trap functioning normally,95.0,0.300000011920929,0.100000001490116,Yes,8.0,16.7700004577637
7,2260,2026-02-27T09:59:58Z,Hallwood,Hallwood 2 RL,Continue trapping,Processed fish,Trap functioning normally,2375.0,2.40000009536743,2.20000004768372,Yes,8.0,16.7700004577637
7,2262,2026-02-28T09:27:31Z,Hallwood,Hallwood 3,Continue trapping,No fish were caught,Trap functioning normally,237.0,0.100000001490116,0.100000001490116,Yes,10.0,14.5
7,2263,2026-02-28T09:38:20Z,Hallwood,Hallwood 2 RL,Continue trapping,Processed fish,Trap functioning normally,3800.0,2.59999990463257,3.5,Yes,10.0,14.5
7,2268,2026-03-01T10:00:35Z,Hallwood,Hallwood 3,Continue trapping,No fish were caught,Trap functioning normally,380.0,0.600000023841858,0.200000002980232,Yes,8.0,12.8000001907349
7,2264,2026-03-01T10:03:28Z,Hallwood,Hallwood 2 RL,Continue trapping,Processed fish,Trap functioning normally,3800.0,2.5,2.40000009536743,Yes,8.0,12.8000001907349
7,2269,2026-03-02T10:01:20Z,Hallwood,Hallwood 3,Continue trapping,Processed fish,Trap functioning normally,332.0,0.100000001490116,0.300000011920929,Yes,8.0,6.57999992370605
7,2265,2026-03-02T10:12:54Z,Hallwood,Hallwood 2 RL,Continue trapping,Processed fish,Trap functioning normally,4275.0,3.79999995231628,3.90000009536743,Yes,8.0,6.57999992370605
7,2270,2026-03-03T09:45:10Z,Hallwood,Hallwood 3,Continue trapping,Processed fish,Trap functioning normally,237.0,0.100000001490116,0.100000001490116,Yes,8.0,5.44999980926514
7,2266,2026-03-03T09:54:49Z,Hallwood,Hallwood 2 RL,Continue trapping,Processed fish,Trap functioning normally,1900.0,2.79999995231628,1.20000004768372,Yes,8.0,5.44999980926514
7,2271,2026-03-03T10:21:24Z,Hallwood,Hallwood 1 RR,Start trap & begin trapping,Not applicable,Trap functioning normally,,,3.29999995231628,Yes,8.0,5.44999980926514
7,2272,2026-03-04T10:15:15Z,Hallwood,Hallwood 1 RR,Continue trapping,Processed fish,Trap functioning normally,4322.0,2.29999995231628,3.20000004768372,Yes,9.0,4.63000011444092
7,2273,2026-03-04T10:20:24Z,Hallwood,Hallwood 3,Continue trapping,Processed fish,Trap functioning normally,95.0,0.100000001490116,0.100000001490116,Yes,9.0,4.63000011444092
7,2267,2026-03-04T10:25:55Z,Hallwood,Hallwood 2 RL,Continue trapping,Processed fish,Trap functioning normally,3800.0,0.699999988079071,1.5,Yes,9.0,4.63000011444092
7,2274,2026-03-05T10:50:18Z,Hallwood,Hallwood 1 RR,Continue trapping,Processed fish,Trap functioning but not normally,5177.0,4.40000009536743,3.40000009536743,Yes,8.5,3.60999989509583
7,2276,2026-03-05T10:50:53Z,Hallwood,Hallwood 3,Continue trapping,No fish were caught,Trap functioning normally,47.0,0.300000011920929,0.300000011920929,Yes,8.5,3.60999989509583
7,2275,2026-03-05T10:55:00Z,Hallwood,Hallwood 2 RL,Continue trapping,Processed fish,Trap functioning normally,2375.0,1.20000004768372,1.70000004768372,Yes,8.5,3.60999989509583
7,2280,2026-03-06T10:30:26Z,Hallwood,Hallwood 1 RR,Continue trapping,Processed fish,Trap functioning normally,5130.0,2.90000009536743,3.90000009536743,Yes,9.5,4.86999988555908
7,2282,2026-03-06T10:35:03Z,Hallwood,Hallwood 3,Continue trapping,No fish were caught,Trap functioning normally,47.0,0.300000011920929,0.300000011920929,Yes,9.5,4.86999988555908
7,2281,2026-03-06T10:35:36Z,Hallwood,Hallwood 2 RL,Continue trapping,Processed fish,Trap functioning normally,2375.0,1.5,2.40000009536743,Yes,9.5,4.86999988555908
7,2277,2026-03-07T09:40:32Z,Hallwood,Hallwood 1 RR,Continue trapping,Processed fish,Trap functioning normally,4702.0,4.5,3.20000004768372,Yes,9.5,4.15000009536743
7,2279,2026-03-07T09:43:34Z,Hallwood,Hallwood 3,Continue trapping,Processed fish,Trap functioning normally,95.0,0.5,0.100000001490116,Yes,9.5,4.15000009536743
7,2278,2026-03-07T09:45:53Z,Hallwood,Hallwood 2 RL,Continue trapping,Processed fish,Trap functioning normally,2375.0,2.70000004768372,1.70000004768372,Yes,9.5,4.15000009536743
7,2283,2026-03-08T10:08:18Z,Hallwood,Hallwood 1 RR,Continue trapping,Processed fish,Trap functioning normally,4750.0,1.60000002384186,2.40000009536743,Yes,8.0,3.25
7,2284,2026-03-08T10:10:20Z,Hallwood,Hallwood 2 RL,Continue trapping,Processed fish,Trap functioning normally,2375.0,1.89999997615814,1.89999997615814,Yes,8.0,3.25
7,2285,2026-03-08T10:15:46Z,Hallwood,Hallwood 3,Continue trapping,No fish were caught,Trap functioning normally,475.0,0.100000001490116,0.100000001490116,Yes,8.0,3.25
7,2286,2026-03-09T11:05:28Z,Hallwood,Hallwood 1 RR,Continue trapping,Processed fish,Trap functioning normally,4370.0,2.79999995231628,3.79999995231628,Yes,9.0,2.51999998092651
7,2287,2026-03-09T11:06:58Z,Hallwood,Hallwood 2 RL,Continue trapping,Processed fish,Trap functioning normally,2375.0,0.899999976158142,1.70000004768372,Yes,9.0,2.51999998092651
7,2288,2026-03-09T11:08:56Z,Hallwood,Hallwood 3,Continue trapping,No fish were caught,Trap functioning normally,0.0,0.100000001490116,0.100000001490116,Yes,,
7,2289,2026-03-10T09:55:09Z,Hallwood,Hallwood 1 RR,Continue trapping,Processed fish,Trap functioning normally,4227.0,3.20000004768372,3.90000009536743,Yes,9.0,2.33999991416931
7,2291,2026-03-10T10:00:15Z,Hallwood,Hallwood 3,Continue trapping,Processed fish,Trap functioning normally,47.0,0.100000001490116,0.100000001490116,Yes,9.0,2.33999991416931
7,2290,2026-03-10T10:04:57Z,Hallwood,Hallwood 2 RL,Continue trapping,Processed fish,Trap functioning normally,1900.0,2.09999990463257,2.0,Yes,9.0,2.33999991416931
7,2292,2026-03-11T10:05:57Z,Hallwood,Hallwood 1 RR,Continue trapping,Processed fish,Trap functioning normally,5605.0,3.79999995231628,3.59999990463257,Yes,10.5,2.3199999332428
7,2294,2026-03-11T10:15:19Z,Hallwood,Hallwood 3,Continue trapping,Processed fish,Trap functioning normally,475.0,0.300000011920929,0.800000011920929,Yes,10.5,2.3199999332428
7,2293,2026-03-11T10:15:34Z,Hallwood,Hallwood 2 RL,Continue trapping,Processed fish,Trap functioning normally,3800.0,3.09999990463257,1.89999997615814,Yes,10.5,2.3199999332428
7,2295,2026-03-12T11:08:58Z,Hallwood,Hallwood 1 RR,Continue trapping,Processed fish,Trap functioning normally,5415.0,3.5,4.19999980926514,Yes,10.0,2.0
7,2296,2026-03-12T11:13:39Z,Hallwood,Hallwood 2 RL,Continue trapping,Processed fish,Trap functioning normally,3800.0,3.40000009536743,2.40000009536743,Yes,10.0,2.0
7,2297,2026-03-12T11:15:15Z,Hallwood,Hallwood 3,Continue trapping,Processed fish,Trap functioning normally,807.0,0.200000002980232,0.300000011920929,Yes,10.0,2.0
7,2299,2026-03-13T10:40:25Z,Hallwood,Hallwood 1 RR,Continue trapping,Processed fish,Trap functioning normally,5272.0,4.09999990463257,3.90000009536743,Yes,9.0,1.87999999523163
7,2300,2026-03-13T10:41:31Z,Hallwood,Hallwood 2 RL,Continue trapping,Processed fish,Trap functioning normally,3800.0,3.40000009536743,2.79999995231628,Yes,9.0,1.87999999523163
7,2301,2026-03-13T10:47:35Z,Hallwood,Hallwood 3,Continue trapping,Processed fish,Trap functioning normally,760.0,1.0,0.300000011920929,Yes,9.0,1.87999999523163
7,2302,2026-03-14T10:10:01Z,Hallwood,Hallwood 1 RR,Continue trapping,Processed fish,Trap functioning normally,5177.0,3.70000004768372,3.5,Yes,9.0,1.92999994754791
7,2303,2026-03-14T10:10:40Z,Hallwood,Hallwood 2 RL,Continue trapping,Processed fish,Trap functioning normally,3800.0,1.79999995231628,2.20000004768372,Yes,9.0,1.92999994754791
7,2304,2026-03-14T11:57:38Z,Hallwood,Hallwood 3,Continue trapping,Processed fish,Trap functioning normally,807.0,0.100000001490116,0.200000002980232,Yes,9.0,1.92999994754791
7,2305,2026-03-15T10:26:20Z,Hallwood,Hallwood 1 RR,Continue trapping,Processed fish,Trap functioning normally,5082.0,3.59999990463257,3.40000009536743,Yes,10.0,2.0
7,2306,2026-03-15T10:26:56Z,Hallwood,Hallwood 2 RL,Continue trapping,Processed fish,Trap functioning normally,3325.0,1.79999995231628,2.90000009536743,Yes,10.0,2.0
7,2307,2026-03-15T10:30:47Z,Hallwood,Hallwood 3,Continue trapping,Processed fish,Trap functioning normally,902.0,0.300000011920929,0.600000023841858,Yes,10.0,2.0
7,2308,2026-03-16T09:35:42Z,Hallwood,Hallwood 1 RR,Continue trapping,Processed fish,Trap functioning normally,4037.0,3.59999990463257,3.90000009536743,Yes,10.0,2.0699999332428
7,2309,2026-03-16T09:45:02Z,Hallwood,Hallwood 2 RL,Continue trapping,Processed fish,Trap functioning normally,2850.0,2.90000009536743,3.20000004768372,Yes,10.0,2.0699999332428
7,2310,2026-03-16T09:45:51Z,Hallwood,Hallwood 3,Continue trapping,Processed fish,Trap functioning normally,902.0,0.5,0.200000002980232,Yes,10.0,2.0699999332428
7,2311,2026-03-17T10:26:37Z,Hallwood,Hallwood 1 RR,Continue trapping,Processed fish,Trap functioning normally,6175.0,3.09999990463257,5.40000009536743,Yes,11.0,2.42000007629395
7,2313,2026-03-17T10:30:34Z,Hallwood,Hallwood 3,Continue trapping,Processed fish,Trap functioning normally,902.0,0.5,4.0,Yes,11.0,2.42000007629395
7,2312,2026-03-17T10:40:29Z,Hallwood,Hallwood 2 RL,Continue trapping,Processed fish,Trap functioning normally,3800.0,2.40000009536743,3.5,Yes,11.0,2.42000007629395
7,2314,2026-03-18T11:15:24Z,Hallwood,Hallwood 1 RR,Continue trapping,Processed fish,Trap functioning normally,7457.0,5.0,5.09999990463257,Yes,11.0,1.72000002861023
7,2316,2026-03-18T11:20:14Z,Hallwood,Hallwood 3,Continue trapping,Processed fish,Trap functioning normally,3847.0,2.29999995231628,2.09999990463257,Yes,11.0,1.72000002861023
7,2315,2026-03-18T11:25:32Z,Hallwood,Hallwood 2 RL,Continue trapping,Processed fish,Trap functioning normally,4150.0,3.40000009536743,3.5,Yes,11.0,1.72000002861023
7,2317,2026-03-19T11:20:10Z,Hallwood,Hallwood 1 RR,Continue trapping,Processed fish,Trap functioning normally,7457.0,5.09999990463257,5.09999990463257,Yes,10.0,1.99000000953674
7,2319,2026-03-19T11:25:33Z,Hallwood,Hallwood 3,Continue trapping,Processed fish,Trap functioning normally,3277.0,2.5,2.5,Yes,10.0,1.99000000953674
7,2318,2026-03-19T11:30:18Z,Hallwood,Hallwood 2 RL,Continue trapping,Processed fish,Trap functioning normally,4750.0,3.29999995231628,3.09999990463257,Yes,10.0,1.99000000953674
7,2320,2026-03-20T09:50:22Z,Hallwood,Hallwood 1 RR,Continue trapping,Processed fish,Trap functioning normally,6080.0,4.30000019073486,4.40000009536743,Yes,11.0,1.47000002861023
7,2321,2026-03-20T10:00:14Z,Hallwood,Hallwood 2 RL,Continue trapping,Processed fish,Trap functioning normally,4275.0,2.59999990463257,3.40000009536743,Yes,11.0,1.47000002861023
7,2322,2026-03-20T10:00:22Z,Hallwood,Hallwood 3,Continue trapping,Processed fish,Trap functioning normally,2375.0,2.0,2.0,Yes,11.0,1.47000002861023
7,2323,2026-03-21T14:00:14Z,Hallwood,Hallwood 1 RR,Continue trapping,Processed fish,Trap functioning normally,6697.0,3.59999990463257,3.90000009536743,Yes,10.0,2.36999988555908
7,2325,2026-03-21T14:10:21Z,Hallwood,Hallwood 3,Continue trapping,Processed fish,Trap functioning normally,2137.0,0.800000011920929,1.29999995231628,Yes,10.0,2.36999988555908
7,2324,2026-03-21T14:15:48Z,Hallwood,Hallwood 2 RL,Continue trapping,Processed fish,Trap functioning normally,4750.0,2.70000004768372,2.59999990463257,Yes,10.0,2.36999988555908
7,2326,2026-03-22T10:44:25Z,Hallwood,Hallwood 1 RR,Continue trapping,Processed fish,Trap functioning normally,4607.0,3.90000009536743,4.30000019073486,Yes,11.0,1.3400000333786
7,2327,2026-03-22T10:45:33Z,Hallwood,Hallwood 2 RL,Continue trapping,Processed fish,Trap functioning normally,3225.0,3.09999990463257,3.0,Yes,11.0,1.3400000333786
7,2328,2026-03-22T10:50:57Z,Hallwood,Hallwood 3,Continue trapping,Processed fish,Trap functioning normally,1529.0,2.0,1.20000004768372,Yes,11.0,1.3400000333786
7,2329,2026-03-23T10:44:04Z,Hallwood,Hallwood 1 RR,Continue trapping,Processed fish,Trap functioning normally,5225.0,3.79999995231628,3.59999990463257,Yes,11.0,1.47000002861023
7,2331,2026-03-23T10:52:23Z,Hallwood,Hallwood 3,Continue trapping,Processed fish,Trap functioning normally,1710.0,1.5,0.839999973773956,Yes,11.0,1.47000002861023
7,2330,2026-03-23T11:01:13Z,Hallwood,Hallwood 2 RL,Continue trapping,Processed fish,Trap functioning normally,3325.0,2.70000004768372,2.59999990463257,Yes,11.0,1.47000002861023
7,2333,2026-03-24T10:35:48Z,Hallwood,Hallwood 1 RR,Continue trapping,Processed fish,Trap functioning normally,4940.0,3.40000009536743,3.5,Yes,12.0,1.8400000333786
7,2335,2026-03-24T10:40:09Z,Hallwood,Hallwood 3,Continue trapping,Processed fish,Trap functioning normally,3040.0,0.300000011920929,0.5,Yes,12.0,1.8400000333786
7,2334,2026-03-24T10:45:36Z,Hallwood,Hallwood 2 RL,Continue trapping,Processed fish,Trap functioning normally,3800.0,1.89999997615814,2.29999995231628,Yes,12.0,1.8400000333786
7,2338,2026-03-25T10:03:36Z,Hallwood,Hallwood 3,Continue trapping,Processed fish,Trap functioning normally,1140.0,0.800000011920929,0.800000011920929,Yes,11.0,1.39999997615814
7,2336,2026-03-25T10:10:54Z,Hallwood,Hallwood 1 RR,Continue trapping,Processed fish,Trap functioning normally,4227.0,3.09999990463257,3.29999995231628,Yes,11.0,1.39999997615814
7,2337,2026-03-25T10:22:21Z,Hallwood,Hallwood 2 RL,Continue trapping,Processed fish,Trap functioning normally,2850.0,2.20000004768372,2.20000004768372,Yes,11.0,1.39999997615814
7,2339,2026-03-26T10:41:30Z,Hallwood,Hallwood 1 RR,Continue trapping,Processed fish,Trap functioning normally,4655.0,3.20000004768372,3.20000004768372,Yes,11.0,1.30999994277954
7,2341,2026-03-26T10:46:05Z,Hallwood,Hallwood 3,Continue trapping,Processed fish,Trap functioning normally,4940.0,0.100000001490116,0.699999988079071,Yes,11.0,1.30999994277954
7,2340,2026-03-26T10:50:45Z,Hallwood,Hallwood 2 RL,Continue trapping,Processed fish,Trap functioning normally,3325.0,2.29999995231628,2.40000009536743,Yes,11.0,1.30999994277954
7,2342,2026-03-27T10:07:53Z,Hallwood,Hallwood 1 RR,Continue trapping,Processed fish,Trap functioning normally,4227.0,3.20000004768372,3.20000004768372,Yes,11.0,1.45000004768372
7,2344,2026-03-27T10:15:37Z,Hallwood,Hallwood 3,Continue trapping,Processed fish,Trap functioning normally,1140.0,0.800000011920929,0.800000011920929,Yes,11.0,1.45000004768372
7,2343,2026-03-27T10:17:53Z,Hallwood,Hallwood 2 RL,Continue trapping,Processed fish,Trap functioning normally,3325.0,2.29999995231628,2.29999995231628,Yes,11.0,1.45000004768372
7,2346,2026-03-28T11:55:07Z,Hallwood,Hallwood 1 RR,Continue trapping,Processed fish,Trap functioning normally,4655.0,2.90000009536743,3.0,Yes,12.0,1.70000004768372
7,2345,2026-03-28T12:01:56Z,Hallwood,Hallwood 2 RL,Continue trapping,Processed fish,Trap functioning normally,3325.0,2.59999990463257,2.29999995231628,Yes,12.0,1.70000004768372
7,2347,2026-03-28T12:03:18Z,Hallwood,Hallwood 3,Continue trapping,Processed fish,Trap functioning normally,1425.0,1.5,1.70000004768372,Yes,12.0,1.70000004768372
7,2349,2026-03-29T10:20:57Z,Hallwood,Hallwood 2 RL,Continue trapping,Processed fish,Trap functioning normally,2850.0,2.40000009536743,2.0,Yes,11.0,1.28999996185303
7,2348,2026-03-29T10:23:04Z,Hallwood,Hallwood 1 RR,Continue trapping,Processed fish,Trap functioning normally,3990.0,3.0,2.79999995231628,Yes,11.0,1.28999996185303
7,2350,2026-03-29T10:26:03Z,Hallwood,Hallwood 3,Continue trapping,Processed fish,Trap functioning normally,997.0,0.800000011920929,0.5,Yes,11.0,1.28999996185303
7,2351,2026-03-30T12:45:52Z,Hallwood,Hallwood 1 RR,Continue trapping,Processed fish,Trap functioning normally,4607.0,3.0,2.79999995231628,Yes,12.0,1.52999997138977
7,2353,2026-03-30T12:50:06Z,Hallwood,Hallwood 3,Continue trapping,Processed fish,Trap functioning normally,1235.0,0.100000001490116,0.800000011920929,Yes,12.0,1.52999997138977
7,2352,2026-03-30T12:50:59Z,Hallwood,Hallwood 2 RL,Continue trapping,Processed fish,Trap functioning normally,3325.0,2.40000009536743,2.09999990463257,Yes,12.0,1.52999997138977
7,2354,2026-03-31T11:35:19Z,Hallwood,Hallwood 1 RR,Continue trapping,Processed fish,Trap functioning normally,3610.0,2.59999990463257,2.79999995231628,Yes,11.0,1.28999996185303
7,2355,2026-03-31T11:40:17Z,Hallwood,Hallwood 2 RL,Continue trapping,Processed fish,Trap functioning normally,3325.0,2.09999990463257,2.40000009536743,Yes,11.0,1.28999996185303
7,2356,2026-03-31T11:40:25Z,Hallwood,Hallwood 3,Continue trapping,No fish were caught,Trap functioning normally,950.0,0.800000011920929,0.800000011920929,Yes,11.0,1.28999996185303
7,2359,2026-04-01T10:09:55Z,Hallwood,Hallwood 3,Continue trapping,Processed fish,Trap functioning normally,1045.0,0.800000011920929,0.800000011920929,Yes,11.0,1.33000004291534
7,2358,2026-04-01T10:11:41Z,Hallwood,Hallwood 2 RL,Continue trapping,Processed fish,Trap functioning normally,2850.0,2.59999990463257,2.59999990463257,Yes,11.0,1.33000004291534
7,2357,2026-04-01T10:15:42Z,Hallwood,Hallwood 1 RR,Continue trapping,Processed fish,Trap functioning normally,4180.0,3.20000004768372,3.29999995231628,Yes,11.0,1.33000004291534
7,2362,2026-04-02T10:40:14Z,Hallwood,Hallwood 3,Continue trapping,Processed fish,Trap functioning normally,2565.0,3.0,3.0,Yes,11.0,1.9099999666214
7,2360,2026-04-02T11:00:05Z,Hallwood,Hallwood 1 RR,Continue trapping,Processed fish,Trap functioning normally,6412.0,5.09999990463257,5.09999990463257,Yes,11.0,1.9099999666214
7,2361,2026-04-02T11:50:48Z,Hallwood,Hallwood 2 RL,Continue trapping,Processed fish,Trap functioning normally,4275.0,3.59999990463257,3.79999995231628,Yes,11.0,1.9099999666214
7,2363,2026-04-03T12:45:51Z,Hallwood,Hallwood 1 RR,Continue trapping,Processed fish,Trap functioning but not normally,6745.0,4.90000009536743,3.70000004768372,Yes,12.0,2.78999996185303
7,2364,2026-04-03T13:00:19Z,Hallwood,Hallwood 2 RL,Continue trapping,Processed fish,Trap functioning normally,1425.0,4.19999980926514,1.20000004768372,Yes,12.0,2.78999996185303
7,2365,2026-04-03T14:22:55Z,Hallwood,Hallwood 3,Continue trapping,Processed fish,Trap functioning normally,4560.0,3.20000004768372,3.40000009536743,Yes,12.0,2.78999996185303
7,2369,2026-04-04T11:15:56Z,Hallwood,Hallwood 1 RR,Continue trapping,Processed fish,Trap functioning normally,4845.0,4.19999980926514,3.40000009536743,Yes,11.0,4.40999984741211
7,2370,2026-04-04T11:20:21Z,Hallwood,Hallwood 2 RL,Continue trapping,Processed fish,Trap functioning normally,4275.0,3.09999990463257,3.09999990463257,Yes,11.0,4.40999984741211
7,2371,2026-04-04T11:25:40Z,Hallwood,Hallwood 3,Continue trapping,Processed fish,Trap functioning normally,1472.0,0.800000011920929,0.800000011920929,Yes,11.0,4.40999984741211
7,2366,2026-04-05T11:49:12Z,Hallwood,Hallwood 1 RR,Continue trapping,Processed fish,Trap functioning normally,5130.0,3.5,4.69999980926514,Yes,11.0,3.79999995231628
7,2367,2026-04-05T12:00:22Z,Hallwood,Hallwood 2 RL,Continue trapping,Processed fish,Trap functioning normally,3800.0,1.60000002384186,2.70000004768372,Yes,11.0,3.79999995231628
7,2368,2026-04-05T12:04:05Z,Hallwood,Hallwood 3,Continue trapping,Processed fish,Trap functioning normally,1092.0,0.100000001490116,1.0,Yes,11.0,3.79999995231628
7,2373,2026-04-06T10:45:11Z,Hallwood,Hallwood 2 RL,Continue trapping,Processed fish,Trap functioning normally,4275.0,3.09999990463257,2.90000009536743,Yes,12.0,
7,2375,2026-04-06T10:50:38Z,Hallwood,Hallwood 3,Continue trapping,Processed fish,Trap functioning normally,1995.0,2.09999990463257,1.29999995231628,Yes,12.0,2.5
7,2372,2026-04-06T10:50:52Z,Hallwood,Hallwood 1 RR,Continue trapping,Processed fish,Trap functioning normally,5890.0,4.19999980926514,4.19999980926514,Yes,12.0,2.5
7,2376,2026-04-07T09:30:15Z,Hallwood,Hallwood 1 RR,Continue trapping,Processed fish,Trap functioning normally,5367.0,4.0,3.90000009536743,Yes,10.0,2.66000008583069
7,2378,2026-04-07T09:35:48Z,Hallwood,Hallwood 3,Unplanned restart,Processed fish,Trap functioning but not normally,1425.0,0.0,1.20000004768372,Yes,10.0,2.66000008583069
7,2377,2026-04-07T09:40:41Z,Hallwood,Hallwood 2 RL,Continue trapping,Processed fish,Trap functioning normally,3800.0,3.0,2.79999995231628,Yes,10.0,2.66000008583069
7,2380,2026-04-08T09:45:18Z,Hallwood,Hallwood 3,Continue trapping,Processed fish,Trap functioning normally,1995.0,2.0,1.29999995231628,Yes,11.0,2.29999995231628
7,2381,2026-04-08T09:55:06Z,Hallwood,Hallwood 2 RL,Continue trapping,Processed fish,Trap functioning normally,3800.0,2.90000009536743,2.79999995231628,Yes,11.0,2.29999995231628
7,2379,2026-04-08T10:50:59Z,Hallwood,Hallwood 1 RR,Continue trapping,Processed fish,Trap functioning normally,5652.0,4.0,4.0,Yes,11.0,2.29999995231628
7,2382,2026-04-09T10:20:28Z,Hallwood,Hallwood 1 RR,Continue trapping,Processed fish,Trap functioning normally,5510.0,3.90000009536743,3.79999995231628,Yes,11.0,1.98000001907349
7,2384,2026-04-09T10:25:08Z,Hallwood,Hallwood 3,Continue trapping,Processed fish,Trap functioning normally,1852.0,0.699999988079071,0.5,Yes,11.0,1.98000001907349
7,2383,2026-04-09T10:30:36Z,Hallwood,Hallwood 2 RL,Continue trapping,Processed fish,Trap functioning normally,3800.0,2.90000009536743,2.79999995231628,Yes,11.0,1.98000001907349
7,2385,2026-04-10T09:50:38Z,Hallwood,Hallwood 1 RR,End trapping,Processed fish,Trap functioning normally,5937.0,5.30000019073486,,Yes,11.0,2.5699999332428
7,2386,2026-04-10T10:00:18Z,Hallwood,Hallwood 2 RL,End trapping,Processed fish,Trap functioning normally,4275.0,3.40000009536743,,Yes,11.0,2.5699999332428
7,2387,2026-04-10T10:05:25Z,Hallwood,Hallwood 3,End trapping,Processed fish,Trap functioning normally,2470.0,2.20000004768372,,Yes,11.0,2.5699999332428
7,2390,2026-04-13T14:10:25Z,Hallwood,Hallwood 3,Start trap & begin trapping,Not applicable,Trap functioning normally,,,0.200000002980232,Yes,12.0,10.8000001907349
7,2389,2026-04-13T14:10:29Z,Hallwood,Hallwood 2 RL,Start trap & begin trapping,Not applicable,Trap functioning normally,,,1.89999997615814,Yes,12.0,10.8000001907349
7,2392,2026-04-14T11:10:18Z,Hallwood,Hallwood 3,Continue trapping,Processed fish,Trap functioning normally,47.0,0.100000001490116,0.100000001490116,Yes,11.0,7.17999982833862
7,2391,2026-04-14T11:15:04Z,Hallwood,Hallwood 2 RL,Continue trapping,Processed fish,Trap functioning normally,,2.09999990463257,1.89999997615814,Yes,11.0,7.17999982833862
